"Anatomical Structures, Cell Types and Biomarkers Table for Lymph Vasculature ",,,,,,,,,,,,,,,,,,,,,,,,,,,,,,,,,,,,,,,,,,
,,,,,,,,,,,,,,,,,,,,,,,,,,,,,,,,,,,,,,,,,,
Author Name(s):,Dhruv Singhal; Maxim Itkin; Avinash Boppana,,,,,,,,,,,,,,,,,,,,,,,,,,,,,,,,,,,,,,,,,
Author ORCID(s):,0000-0002-6300-1647; 0000-0003-1361-7109; 0000-0003-0834-8274,,,,,,,,,,,,,,,,,,,,,,,,,,,,,,,,,,,,,,,,,
Reviewer(s):,Robin Wang; Valeria Bustos; Griffin Weber; Ellen Quardokus,,,,,,,,,,,,,,,,,,,,,,,,,,,,,,,,,,,,,,,,,
Reviewer ORCID(s):,0000-0001-7369-0602; 0000-0001-6682-4246; 0000-0002-2597-881X; 0000-0001-7655-4833,,,,,,,,,,,,,,,,,,,,,,,,,,,,,,,,,,,,,,,,,
General Publication(s):,"Rouviere H. Anatomie des Lymphatiques de l'Homme. Masson et Cie: Paris, 1932.",,,,,,,,,,,,,,,,,,,,,,,,,,,,,,,,,,,,,,,,,
Data DOI:,https://doi.org/10.48539/HBM622.PDVS.333,,,,,,,,,,,,,,,,,,,,,,,,,,,,,,,,,,,,,,,,,
Date:,15-Jun-24,,,,,,,,,,,,,,,,,,,,,,,,,,,,,,,,,,,,,,,,,
Version Number:,v1.5,,,,,,,,,,,,,,,,,,,,,,,,,,,,,,,,,,,,,,,,,
AS/1,AS/1/LABEL,AS/1/ID,AS/2,AS/2/LABEL,AS/2/ID,AS/3,AS/3/LABEL,AS/3/ID,AS/4,AS/4/LABEL,AS/4/ID,AS/5,AS/5/LABEL,AS/5/ID,AS/6,AS/6/LABEL,AS/6/ID,AS/7,AS/7/LABEL,AS/7/ID,AS/8,AS/8/LABEL,AS/8/ID,AS/9,AS/9/LABEL,AS/9/ID,AS/10,AS/10/LABEL,AS/10/ID,CT/1,CT/1/LABEL,CT/1/ID,BGene/1,BGene/1/LABEL,BGene/1/ID,FTU/1,FTU/1/LABEL,FTU/1/ID,FTU/1/NOTES,REF/1,REF/1/ID,REF/1/NOTES
lymph vasculature,lymph vasculature,UBERON:0004536,right lymphatic duct,Right lymphatic duct,FMA:5832,,,,,,,,,,,,,,,,,,,,,,,,,lymphatic endothelial cell,endothelial cell of lymphatic vessel,CL:0002138,VEGFR-3,FLT4,HGNC:3767,,,,,"Rouviere H. Anatomie des Lymphatiques de l'Homme. Masson et Cie: Paris, 1932.",,For AS
lymph vasculature,lymph vasculature,UBERON:0004536,right lymphatic duct,Right lymphatic duct,FMA:5832,axillary lymph node #2,Axillary lymph node,FMA:276805,,,,,,,,,,,,,,,,,,,,,,lymphatic endothelial cell,endothelial cell of lymphatic vessel,CL:0002138,VEGFR-3,FLT4,HGNC:3767,,,,,"Rouviere H. Anatomie des Lymphatiques de l'Homme. Masson et Cie: Paris, 1932.",,For AS
lymph vasculature,lymph vasculature,UBERON:0004536,right lymphatic duct,Right lymphatic duct,FMA:5832,internal mammary lymphatics #2,Lymphatic vessel of internal mammary region,FMA:322627,,,,,,,,,,,,,,,,,,,,,,lymphatic endothelial cell,endothelial cell of lymphatic vessel,CL:0002138,VEGFR-3,FLT4,HGNC:3767,,,,,"Rouviere H. Anatomie des Lymphatiques de l'Homme. Masson et Cie: Paris, 1932.",,For AS
lymph vasculature,lymph vasculature,UBERON:0004536,right lymphatic duct,Right lymphatic duct,FMA:5832,right anterior mediastinal lymph node,,,,,,,,,,,,,,,,,,,,,,,,lymphatic endothelial cell,endothelial cell of lymphatic vessel,CL:0002138,VEGFR-3,FLT4,HGNC:3767,,,,,"Rouviere H. Anatomie des Lymphatiques de l'Homme. Masson et Cie: Paris, 1932.",,For AS
lymph vasculature,lymph vasculature,UBERON:0004536,right lymphatic duct,Right lymphatic duct,FMA:5832,right bronchomediastinal lymph trunk,Right bronchomediastinal lymphatic trunk,FMA:5831,,,,,,,,,,,,,,,,,,,,,,lymphatic endothelial cell,endothelial cell of lymphatic vessel,CL:0002138,VEGFR-3,FLT4,HGNC:3767,,,,,"Rouviere H. Anatomie des Lymphatiques de l'Homme. Masson et Cie: Paris, 1932.",,For AS
lymph vasculature,lymph vasculature,UBERON:0004536,right lymphatic duct,Right lymphatic duct,FMA:5832,right jugular lymph trunk,Right jugular lymphatic trunk,FMA:12251,,,,,,,,,,,,,,,,,,,,,,lymphatic endothelial cell,endothelial cell of lymphatic vessel,CL:0002138,VEGFR-3,FLT4,HGNC:3767,,,,,"Rouviere H. Anatomie des Lymphatiques de l'Homme. Masson et Cie: Paris, 1932.",,For AS
lymph vasculature,lymph vasculature,UBERON:0004536,right lymphatic duct,Right lymphatic duct,FMA:5832,right subclavian lymph trunk,Right subclavian lymphatic trunk,FMA:5830,,,,,,,,,,,,,,,,,,,,,,lymphatic endothelial cell,endothelial cell of lymphatic vessel,CL:0002138,VEGFR-3,FLT4,HGNC:3767,,,,,"Rouviere H. Anatomie des Lymphatiques de l'Homme. Masson et Cie: Paris, 1932.",,For AS
lymph vasculature,lymph vasculature,UBERON:0004536,right lymphatic duct,Right lymphatic duct,FMA:5832,transverse cervical lymph node #2,,,,,,,,,,,,,,,,,,,,,,,,lymphatic endothelial cell,endothelial cell of lymphatic vessel,CL:0002138,VEGFR-3,FLT4,HGNC:3767,,,,,"Rouviere H. Anatomie des Lymphatiques de l'Homme. Masson et Cie: Paris, 1932.",,For AS
lymph vasculature,lymph vasculature,UBERON:0004536,thoracic duct,thoracic duct,UBERON:0001631,,,,,,,,,,,,,,,,,,,,,,,,,lymphatic endothelial cell,endothelial cell of lymphatic vessel,CL:0002138,VEGFR-3,FLT4,HGNC:3767,,,,,"Rouviere H. Anatomie des Lymphatiques de l'Homme. Masson et Cie: Paris, 1932.",,For AS
lymph vasculature,lymph vasculature,UBERON:0004536,thoracic duct,thoracic duct,UBERON:0001631,axillary lymph node,Axillary lymph node,FMA:276805,,,,,,,,,,,,,,,,,,,,,,lymphatic endothelial cell,endothelial cell of lymphatic vessel,CL:0002138,VEGFR-3,FLT4,HGNC:3767,,,,,"Rouviere H. Anatomie des Lymphatiques de l'Homme. Masson et Cie: Paris, 1932.",,For AS
lymph vasculature,lymph vasculature,UBERON:0004536,thoracic duct,thoracic duct,UBERON:0001631,axillary lymph node,Axillary lymph node,FMA:276805,collecting lymph trunk of lymphatics of soft parts covering posterior thoracic wall,,,,,,,,,,,,,,,,,,,,,lymphatic endothelial cell,endothelial cell of lymphatic vessel,CL:0002138,VEGFR-3,FLT4,HGNC:3767,,,,,"Rouviere H. Anatomie des Lymphatiques de l'Homme. Masson et Cie: Paris, 1932.",,For AS
lymph vasculature,lymph vasculature,UBERON:0004536,thoracic duct,thoracic duct,UBERON:0001631,axillary lymph node,Axillary lymph node,FMA:276805,medial lymph trunk of principal axillary lymph vessel,,,,,,,,,,,,,,,,,,,,,lymphatic endothelial cell,endothelial cell of lymphatic vessel,CL:0002138,VEGFR-3,FLT4,HGNC:3767,,,,,"Rouviere H. Anatomie des Lymphatiques de l'Homme. Masson et Cie: Paris, 1932.",,For AS
lymph vasculature,lymph vasculature,UBERON:0004536,thoracic duct,thoracic duct,UBERON:0001631,axillary lymph node,Axillary lymph node,FMA:276805,paramammary lymph node,Paramammary lymph node,FMA:44313,,,,,,,,,,,,,,,,,,,lymphatic endothelial cell,endothelial cell of lymphatic vessel,CL:0002138,VEGFR-3,FLT4,HGNC:3767,,,,,"Rouviere H. Anatomie des Lymphatiques de l'Homme. Masson et Cie: Paris, 1932.",,For AS
lymph vasculature,lymph vasculature,UBERON:0004536,thoracic duct,thoracic duct,UBERON:0001631,axillary lymph node,Axillary lymph node,FMA:276805,posterior extrathoracic lymph node,,,,,,,,,,,,,,,,,,,,,lymphatic endothelial cell,endothelial cell of lymphatic vessel,CL:0002138,VEGFR-3,FLT4,HGNC:3767,,,,,"Rouviere H. Anatomie des Lymphatiques de l'Homme. Masson et Cie: Paris, 1932.",,For AS
lymph vasculature,lymph vasculature,UBERON:0004536,thoracic duct,thoracic duct,UBERON:0001631,axillary lymph node,Axillary lymph node,FMA:276805,posterior extrathoracic lymph node,,,deep lymph node of neck,,,,,,,,,,,,,,,,,,lymphatic endothelial cell,endothelial cell of lymphatic vessel,CL:0002138,VEGFR-3,FLT4,HGNC:3767,,,,,"Rouviere H. Anatomie des Lymphatiques de l'Homme. Masson et Cie: Paris, 1932.",,For AS
lymph vasculature,lymph vasculature,UBERON:0004536,thoracic duct,thoracic duct,UBERON:0001631,axillary lymph node,Axillary lymph node,FMA:276805,posterior extrathoracic lymph node,,,deep lymph node of neck,,,supraspinatus fossa lymph node,,,,,,,,,,,,,,,lymphatic endothelial cell,endothelial cell of lymphatic vessel,CL:0002138,VEGFR-3,FLT4,HGNC:3767,,,,,"Rouviere H. Anatomie des Lymphatiques de l'Homme. Masson et Cie: Paris, 1932.",,For AS
lymph vasculature,lymph vasculature,UBERON:0004536,thoracic duct,thoracic duct,UBERON:0001631,axillary lymph node,Axillary lymph node,FMA:276805,posterior extrathoracic lymph node,,,deep lymph node of neck,,,supraspinatus fossa lymph node,,,supraescapular lymphatic channel,,,,,,,,,,,,lymphatic endothelial cell,endothelial cell of lymphatic vessel,CL:0002138,VEGFR-3,FLT4,HGNC:3767,,,,,"Rouviere H. Anatomie des Lymphatiques de l'Homme. Masson et Cie: Paris, 1932.",,For AS
lymph vasculature,lymph vasculature,UBERON:0004536,thoracic duct,thoracic duct,UBERON:0001631,axillary lymph node,Axillary lymph node,FMA:276805,posterior extrathoracic lymph node,,,subscapular lymph node,Subscapular lymph node,FMA:14187,,,,,,,,,,,,,,,,lymphatic endothelial cell,endothelial cell of lymphatic vessel,CL:0002138,VEGFR-3,FLT4,HGNC:3767,,,,,"Rouviere H. Anatomie des Lymphatiques de l'Homme. Masson et Cie: Paris, 1932.",,For AS
lymph vasculature,lymph vasculature,UBERON:0004536,thoracic duct,thoracic duct,UBERON:0001631,axillary lymph node,Axillary lymph node,FMA:276805,posterior extrathoracic lymph node,,,subscapular lymph node,Subscapular lymph node,FMA:14187,circumflex lymphatic channel,,,,,,,,,,,,,,,lymphatic endothelial cell,endothelial cell of lymphatic vessel,CL:0002138,VEGFR-3,FLT4,HGNC:3767,,,,,"Rouviere H. Anatomie des Lymphatiques de l'Homme. Masson et Cie: Paris, 1932.",,For AS
lymph vasculature,lymph vasculature,UBERON:0004536,thoracic duct,thoracic duct,UBERON:0001631,axillary lymph node,Axillary lymph node,FMA:276805,posterior extrathoracic lymph node,,,subscapular lymph node,Subscapular lymph node,FMA:14187,subscapular lymphatic channel,Subscapular lymphatic vessel,FMA:234863,,,,,,,,,,,,,lymphatic endothelial cell,endothelial cell of lymphatic vessel,CL:0002138,VEGFR-3,FLT4,HGNC:3767,,,,,"Rouviere H. Anatomie des Lymphatiques de l'Homme. Masson et Cie: Paris, 1932.",,For AS
lymph vasculature,lymph vasculature,UBERON:0004536,thoracic duct,thoracic duct,UBERON:0001631,bronchomediastinal lymph trunk,Bronchomediastinal lymphatic trunk,FMA:9585,,,,,,,,,,,,,,,,,,,,,,lymphatic endothelial cell,endothelial cell of lymphatic vessel,CL:0002138,VEGFR-3,FLT4,HGNC:3767,,,,,"Rouviere H. Anatomie des Lymphatiques de l'Homme. Masson et Cie: Paris, 1932.",,For AS
lymph vasculature,lymph vasculature,UBERON:0004536,thoracic duct,thoracic duct,UBERON:0001631,cisterna chyli,upper part of cisterna chyli,UBERON:0005435,,,,,,,,,,,,,,,,,,,,,,lymphatic endothelial cell,endothelial cell of lymphatic vessel,CL:0002138,VEGFR-3,FLT4,HGNC:3767,,,,,"Rouviere H. Anatomie des Lymphatiques de l'Homme. Masson et Cie: Paris, 1932.",,For AS
lymph vasculature,lymph vasculature,UBERON:0004536,thoracic duct,thoracic duct,UBERON:0001631,cisterna chyli,upper part of cisterna chyli,UBERON:0005435,left lumbar lymph trunk,Left lumbar lymphatic trunk,FMA:5841,,,,,,,,,,,,,,,,,,,lymphatic endothelial cell,endothelial cell of lymphatic vessel,CL:0002138,VEGFR-3,FLT4,HGNC:3767,,,,,"Rouviere H. Anatomie des Lymphatiques de l'Homme. Masson et Cie: Paris, 1932.",,For AS
lymph vasculature,lymph vasculature,UBERON:0004536,thoracic duct,thoracic duct,UBERON:0001631,cisterna chyli,upper part of cisterna chyli,UBERON:0005435,left lumbar lymph trunk,Left lumbar lymphatic trunk,FMA:5841,left lateral aortic lymph node,,,,,,,,,,,,,,,,,,lymphatic endothelial cell,endothelial cell of lymphatic vessel,CL:0002138,VEGFR-3,FLT4,HGNC:3767,,,,,"Rouviere H. Anatomie des Lymphatiques de l'Homme. Masson et Cie: Paris, 1932.",,For AS
lymph vasculature,lymph vasculature,UBERON:0004536,thoracic duct,thoracic duct,UBERON:0001631,cisterna chyli,upper part of cisterna chyli,UBERON:0005435,left lumbar lymph trunk,Left lumbar lymphatic trunk,FMA:5841,preaortic lymph node #2,Pre-aortic thoracic lymph node group,FMA:323951,,,,,,,,,,,,,,,,lymphatic endothelial cell,endothelial cell of lymphatic vessel,CL:0002138,VEGFR-3,FLT4,HGNC:3767,,,,,"Rouviere H. Anatomie des Lymphatiques de l'Homme. Masson et Cie: Paris, 1932.",,For AS
lymph vasculature,lymph vasculature,UBERON:0004536,thoracic duct,thoracic duct,UBERON:0001631,cisterna chyli,upper part of cisterna chyli,UBERON:0005435,left lumbar lymph trunk,Left lumbar lymphatic trunk,FMA:5841,right lateral aortic lymph node,,,,,,,,,,,,,,,,,,lymphatic endothelial cell,endothelial cell of lymphatic vessel,CL:0002138,VEGFR-3,FLT4,HGNC:3767,,,,,"Rouviere H. Anatomie des Lymphatiques de l'Homme. Masson et Cie: Paris, 1932.",,For AS
lymph vasculature,lymph vasculature,UBERON:0004536,thoracic duct,thoracic duct,UBERON:0001631,cisterna chyli,upper part of cisterna chyli,UBERON:0005435,lumbar lymph trunk,Lumbar lymphatic trunk,FMA:12765,,,,,,,,,,,,,,,,,,,lymphatic endothelial cell,endothelial cell of lymphatic vessel,CL:0002138,VEGFR-3,FLT4,HGNC:3767,,,,,"Rouviere H. Anatomie des Lymphatiques de l'Homme. Masson et Cie: Paris, 1932.",,For AS
lymph vasculature,lymph vasculature,UBERON:0004536,thoracic duct,thoracic duct,UBERON:0001631,cisterna chyli,upper part of cisterna chyli,UBERON:0005435,lumbar lymph trunk,Lumbar lymphatic trunk,FMA:12765,intestinal lymph trunk,Intestinal lymphatic trunk,FMA:5842,,,,,,,,,,,,,,,,lymphatic endothelial cell,endothelial cell of lymphatic vessel,CL:0002138,VEGFR-3,FLT4,HGNC:3767,,,,,"Rouviere H. Anatomie des Lymphatiques de l'Homme. Masson et Cie: Paris, 1932.",,For AS
lymph vasculature,lymph vasculature,UBERON:0004536,thoracic duct,thoracic duct,UBERON:0001631,cisterna chyli,upper part of cisterna chyli,UBERON:0005435,lumbar lymph trunk,Lumbar lymphatic trunk,FMA:12765,intestinal lymph trunk,Intestinal lymphatic trunk,FMA:5842,preaortic lymph node,Pre-aortic thoracic lymph node group,FMA:323951,,,,,,,,,,,,,lymphatic endothelial cell,endothelial cell of lymphatic vessel,CL:0002138,VEGFR-3,FLT4,HGNC:3767,,,,,"Rouviere H. Anatomie des Lymphatiques de l'Homme. Masson et Cie: Paris, 1932.",,For AS
lymph vasculature,lymph vasculature,UBERON:0004536,thoracic duct,thoracic duct,UBERON:0001631,cisterna chyli,upper part of cisterna chyli,UBERON:0005435,lumbar lymph trunk,Lumbar lymphatic trunk,FMA:12765,intestinal lymph trunk,Intestinal lymphatic trunk,FMA:5842,preaortic lymph node,Pre-aortic thoracic lymph node group,FMA:323951,anterior lymph trunk of accompanying suprarenal vein,,,,,,,,,,,,lymphatic endothelial cell,endothelial cell of lymphatic vessel,CL:0002138,VEGFR-3,FLT4,HGNC:3767,,,,,"Rouviere H. Anatomie des Lymphatiques de l'Homme. Masson et Cie: Paris, 1932.",,For AS
lymph vasculature,lymph vasculature,UBERON:0004536,thoracic duct,thoracic duct,UBERON:0001631,cisterna chyli,upper part of cisterna chyli,UBERON:0005435,lumbar lymph trunk,Lumbar lymphatic trunk,FMA:12765,intestinal lymph trunk,Intestinal lymphatic trunk,FMA:5842,preaortic lymph node,Pre-aortic thoracic lymph node group,FMA:323951,celiac lymph node,celiac lymph node,UBERON:0002508,,,,,,,,,,lymphatic endothelial cell,endothelial cell of lymphatic vessel,CL:0002138,VEGFR-3,FLT4,HGNC:3767,,,,,"Rouviere H. Anatomie des Lymphatiques de l'Homme. Masson et Cie: Paris, 1932.",,For AS
lymph vasculature,lymph vasculature,UBERON:0004536,thoracic duct,thoracic duct,UBERON:0001631,cisterna chyli,upper part of cisterna chyli,UBERON:0005435,lumbar lymph trunk,Lumbar lymphatic trunk,FMA:12765,intestinal lymph trunk,Intestinal lymphatic trunk,FMA:5842,preaortic lymph node,Pre-aortic thoracic lymph node group,FMA:323951,ileocolic lymph node,ileocolic lymph node,UBERON:0016378,,,,,,,,,,lymphatic endothelial cell,endothelial cell of lymphatic vessel,CL:0002138,VEGFR-3,FLT4,HGNC:3767,,,,,"Rouviere H. Anatomie des Lymphatiques de l'Homme. Masson et Cie: Paris, 1932.",,For AS
lymph vasculature,lymph vasculature,UBERON:0004536,thoracic duct,thoracic duct,UBERON:0001631,cisterna chyli,upper part of cisterna chyli,UBERON:0005435,lumbar lymph trunk,Lumbar lymphatic trunk,FMA:12765,intestinal lymph trunk,Intestinal lymphatic trunk,FMA:5842,preaortic lymph node,Pre-aortic thoracic lymph node group,FMA:323951,inferior mesenteric lymph node,Inferior mesenteric lymph node group,FMA:71813,,,,,,,,,,lymphatic endothelial cell,endothelial cell of lymphatic vessel,CL:0002138,VEGFR-3,FLT4,HGNC:3767,,,,,"Rouviere H. Anatomie des Lymphatiques de l'Homme. Masson et Cie: Paris, 1932.",,For AS
lymph vasculature,lymph vasculature,UBERON:0004536,thoracic duct,thoracic duct,UBERON:0001631,cisterna chyli,upper part of cisterna chyli,UBERON:0005435,lumbar lymph trunk,Lumbar lymphatic trunk,FMA:12765,intestinal lymph trunk,Intestinal lymphatic trunk,FMA:5842,preaortic lymph node,Pre-aortic thoracic lymph node group,FMA:323951,inferior mesenteric lymph node,Inferior mesenteric lymph node group,FMA:71813,pararectal lymph node,Pararectal lymph node group,FMA:71841,,,,,,,lymphatic endothelial cell,endothelial cell of lymphatic vessel,CL:0002138,VEGFR-3,FLT4,HGNC:3767,,,,,"Rouviere H. Anatomie des Lymphatiques de l'Homme. Masson et Cie: Paris, 1932.",,For AS
lymph vasculature,lymph vasculature,UBERON:0004536,thoracic duct,thoracic duct,UBERON:0001631,cisterna chyli,upper part of cisterna chyli,UBERON:0005435,lumbar lymph trunk,Lumbar lymphatic trunk,FMA:12765,intestinal lymph trunk,Intestinal lymphatic trunk,FMA:5842,preaortic lymph node,Pre-aortic thoracic lymph node group,FMA:323951,left collecting lymph trunk of lymphatics of ovary,,,,,,,,,,,,lymphatic endothelial cell,endothelial cell of lymphatic vessel,CL:0002138,VEGFR-3,FLT4,HGNC:3767,,,,,"Rouviere H. Anatomie des Lymphatiques de l'Homme. Masson et Cie: Paris, 1932.",,For AS
lymph vasculature,lymph vasculature,UBERON:0004536,thoracic duct,thoracic duct,UBERON:0001631,cisterna chyli,upper part of cisterna chyli,UBERON:0005435,lumbar lymph trunk,Lumbar lymphatic trunk,FMA:12765,intestinal lymph trunk,Intestinal lymphatic trunk,FMA:5842,preaortic lymph node,Pre-aortic thoracic lymph node group,FMA:323951,medial lymph node of common illiac lymph nodes,,,,,,,,,,,,lymphatic endothelial cell,endothelial cell of lymphatic vessel,CL:0002138,VEGFR-3,FLT4,HGNC:3767,,,,,"Rouviere H. Anatomie des Lymphatiques de l'Homme. Masson et Cie: Paris, 1932.",,For AS
lymph vasculature,lymph vasculature,UBERON:0004536,thoracic duct,thoracic duct,UBERON:0001631,cisterna chyli,upper part of cisterna chyli,UBERON:0005435,lumbar lymph trunk,Lumbar lymphatic trunk,FMA:12765,intestinal lymph trunk,Intestinal lymphatic trunk,FMA:5842,preaortic lymph node,Pre-aortic thoracic lymph node group,FMA:323951,mesenteric lymph node,mesenteric lymph node,UBERON:0002509,,,,,,,,,,lymphatic endothelial cell,endothelial cell of lymphatic vessel,CL:0002138,VEGFR-3,FLT4,HGNC:3767,,,,,"Rouviere H. Anatomie des Lymphatiques de l'Homme. Masson et Cie: Paris, 1932.",,For AS
lymph vasculature,lymph vasculature,UBERON:0004536,thoracic duct,thoracic duct,UBERON:0001631,cisterna chyli,upper part of cisterna chyli,UBERON:0005435,lumbar lymph trunk,Lumbar lymphatic trunk,FMA:12765,intestinal lymph trunk,Intestinal lymphatic trunk,FMA:5842,preaortic lymph node,Pre-aortic thoracic lymph node group,FMA:323951,mesocolic lymph node,mesocolic lymph node,UBERON:0016402,,,,,,,,,,lymphatic endothelial cell,endothelial cell of lymphatic vessel,CL:0002138,VEGFR-3,FLT4,HGNC:3767,,,,,"Rouviere H. Anatomie des Lymphatiques de l'Homme. Masson et Cie: Paris, 1932.",,For AS
lymph vasculature,lymph vasculature,UBERON:0004536,thoracic duct,thoracic duct,UBERON:0001631,cisterna chyli,upper part of cisterna chyli,UBERON:0005435,lumbar lymph trunk,Lumbar lymphatic trunk,FMA:12765,intestinal lymph trunk,Intestinal lymphatic trunk,FMA:5842,preaortic lymph node,Pre-aortic thoracic lymph node group,FMA:323951,right collecting lymph trunk of lymphatics of testicle,,,,,,,,,,,,lymphatic endothelial cell,endothelial cell of lymphatic vessel,CL:0002138,VEGFR-3,FLT4,HGNC:3767,,,,,"Rouviere H. Anatomie des Lymphatiques de l'Homme. Masson et Cie: Paris, 1932.",,For AS
lymph vasculature,lymph vasculature,UBERON:0004536,thoracic duct,thoracic duct,UBERON:0001631,cisterna chyli,upper part of cisterna chyli,UBERON:0005435,lumbar lymph trunk,Lumbar lymphatic trunk,FMA:12765,paraaortic lymph node,paraaortic lymph node,UBERON:0016386,,,,,,,,,,,,,,,,lymphatic endothelial cell,endothelial cell of lymphatic vessel,CL:0002138,VEGFR-3,FLT4,HGNC:3767,,,,,"Rouviere H. Anatomie des Lymphatiques de l'Homme. Masson et Cie: Paris, 1932.",,For AS
lymph vasculature,lymph vasculature,UBERON:0004536,thoracic duct,thoracic duct,UBERON:0001631,cisterna chyli,upper part of cisterna chyli,UBERON:0005435,lumbar lymph trunk,Lumbar lymphatic trunk,FMA:12765,paraaortic lymph node,paraaortic lymph node,UBERON:0016386,common iliac lymph node,common iliac lymph node,UBERON:0015878,,,,,,,,,,,,,lymphatic endothelial cell,endothelial cell of lymphatic vessel,CL:0002138,VEGFR-3,FLT4,HGNC:3767,,,,,"Rouviere H. Anatomie des Lymphatiques de l'Homme. Masson et Cie: Paris, 1932.",,For AS
lymph vasculature,lymph vasculature,UBERON:0004536,thoracic duct,thoracic duct,UBERON:0001631,cisterna chyli,upper part of cisterna chyli,UBERON:0005435,lumbar lymph trunk,Lumbar lymphatic trunk,FMA:12765,paraaortic lymph node,paraaortic lymph node,UBERON:0016386,common iliac lymph node,common iliac lymph node,UBERON:0015878,external iliac lymph node,external iliac lymph node,UBERON:0015880,,,,,,,,,,lymphatic endothelial cell,endothelial cell of lymphatic vessel,CL:0002138,VEGFR-3,FLT4,HGNC:3767,,,,,"Rouviere H. Anatomie des Lymphatiques de l'Homme. Masson et Cie: Paris, 1932.",,For AS
lymph vasculature,lymph vasculature,UBERON:0004536,thoracic duct,thoracic duct,UBERON:0001631,cisterna chyli,upper part of cisterna chyli,UBERON:0005435,lumbar lymph trunk,Lumbar lymphatic trunk,FMA:12765,paraaortic lymph node,paraaortic lymph node,UBERON:0016386,common iliac lymph node,common iliac lymph node,UBERON:0015878,external iliac lymph node,external iliac lymph node,UBERON:0015880,deep inguinal lymph node,deep inguinal lymph node,UBERON:0009006,,,,,,,lymphatic endothelial cell,endothelial cell of lymphatic vessel,CL:0002138,VEGFR-3,FLT4,HGNC:3767,,,,,"Rouviere H. Anatomie des Lymphatiques de l'Homme. Masson et Cie: Paris, 1932.",,For AS
lymph vasculature,lymph vasculature,UBERON:0004536,thoracic duct,thoracic duct,UBERON:0001631,cisterna chyli,upper part of cisterna chyli,UBERON:0005435,lumbar lymph trunk,Lumbar lymphatic trunk,FMA:12765,paraaortic lymph node,paraaortic lymph node,UBERON:0016386,common iliac lymph node,common iliac lymph node,UBERON:0015878,external iliac lymph node,external iliac lymph node,UBERON:0015880,deep inguinal lymph node,deep inguinal lymph node,UBERON:0009006,popliteal lymph node,popliteal lymph node,UBERON:0001543,,,,lymphatic endothelial cell,endothelial cell of lymphatic vessel,CL:0002138,VEGFR-3,FLT4,HGNC:3767,,,,,"Rouviere H. Anatomie des Lymphatiques de l'Homme. Masson et Cie: Paris, 1932.",,For AS
lymph vasculature,lymph vasculature,UBERON:0004536,thoracic duct,thoracic duct,UBERON:0001631,cisterna chyli,upper part of cisterna chyli,UBERON:0005435,lumbar lymph trunk,Lumbar lymphatic trunk,FMA:12765,paraaortic lymph node,paraaortic lymph node,UBERON:0016386,common iliac lymph node,common iliac lymph node,UBERON:0015878,internal iliac lymph node,internal iliac lymph node,UBERON:0015881,,,,,,,,,,lymphatic endothelial cell,endothelial cell of lymphatic vessel,CL:0002138,VEGFR-3,FLT4,HGNC:3767,,,,,"Rouviere H. Anatomie des Lymphatiques de l'Homme. Masson et Cie: Paris, 1932.",,For AS
lymph vasculature,lymph vasculature,UBERON:0004536,thoracic duct,thoracic duct,UBERON:0001631,cisterna chyli,upper part of cisterna chyli,UBERON:0005435,lumbar lymph trunk,Lumbar lymphatic trunk,FMA:12765,retroaortic lymph node,Retro-aortic lymph node group,FMA:233577,,,,,,,,,,,,,,,,lymphatic endothelial cell,endothelial cell of lymphatic vessel,CL:0002138,VEGFR-3,FLT4,HGNC:3767,,,,,"Rouviere H. Anatomie des Lymphatiques de l'Homme. Masson et Cie: Paris, 1932.",,For AS
lymph vasculature,lymph vasculature,UBERON:0004536,thoracic duct,thoracic duct,UBERON:0001631,cisterna chyli,upper part of cisterna chyli,UBERON:0005435,lymphatics of great omentum,,,,,,,,,,,,,,,,,,,,,lymphatic endothelial cell,endothelial cell of lymphatic vessel,CL:0002138,VEGFR-3,FLT4,HGNC:3767,,,,,"Rouviere H. Anatomie des Lymphatiques de l'Homme. Masson et Cie: Paris, 1932.",,For AS
lymph vasculature,lymph vasculature,UBERON:0004536,thoracic duct,thoracic duct,UBERON:0001631,cisterna chyli,upper part of cisterna chyli,UBERON:0005435,right lumbar lymph trunk,Right lumbar lymphatic trunk,FMA:5840,,,,,,,,,,,,,,,,,,,lymphatic endothelial cell,endothelial cell of lymphatic vessel,CL:0002138,VEGFR-3,FLT4,HGNC:3767,,,,,"Rouviere H. Anatomie des Lymphatiques de l'Homme. Masson et Cie: Paris, 1932.",,For AS
lymph vasculature,lymph vasculature,UBERON:0004536,thoracic duct,thoracic duct,UBERON:0001631,cisterna chyli,upper part of cisterna chyli,UBERON:0005435,right lumbar lymph trunk,Right lumbar lymphatic trunk,FMA:5840,interaortocaval lymph node,Inter-aortocaval lymph node,FMA:66175,,,,,,,,,,,,,,,,lymphatic endothelial cell,endothelial cell of lymphatic vessel,CL:0002138,VEGFR-3,FLT4,HGNC:3767,,,,,"Rouviere H. Anatomie des Lymphatiques de l'Homme. Masson et Cie: Paris, 1932.",,For AS
lymph vasculature,lymph vasculature,UBERON:0004536,thoracic duct,thoracic duct,UBERON:0001631,cisterna chyli,upper part of cisterna chyli,UBERON:0005435,right lumbar lymph trunk,Right lumbar lymphatic trunk,FMA:5840,laterocaval lymph node,Lateral caval lymph node,FMA:66172,,,,,,,,,,,,,,,,lymphatic endothelial cell,endothelial cell of lymphatic vessel,CL:0002138,VEGFR-3,FLT4,HGNC:3767,,,,,"Rouviere H. Anatomie des Lymphatiques de l'Homme. Masson et Cie: Paris, 1932.",,For AS
lymph vasculature,lymph vasculature,UBERON:0004536,thoracic duct,thoracic duct,UBERON:0001631,cisterna chyli,upper part of cisterna chyli,UBERON:0005435,right lumbar lymph trunk,Right lumbar lymphatic trunk,FMA:5840,retrocaval lymph node,Retrocaval lymph node,FMA:66174,,,,,,,,,,,,,,,,lymphatic endothelial cell,endothelial cell of lymphatic vessel,CL:0002138,VEGFR-3,FLT4,HGNC:3767,,,,,"Rouviere H. Anatomie des Lymphatiques de l'Homme. Masson et Cie: Paris, 1932.",,For AS
lymph vasculature,lymph vasculature,UBERON:0004536,thoracic duct,thoracic duct,UBERON:0001631,efferent lymphatics from fifth or sixth lowermost intercostal spaces,,,,,,,,,,,,,,,,,,,,,,,,lymphatic endothelial cell,endothelial cell of lymphatic vessel,CL:0002138,VEGFR-3,FLT4,HGNC:3767,,,,,"Rouviere H. Anatomie des Lymphatiques de l'Homme. Masson et Cie: Paris, 1932.",,For AS
lymph vasculature,lymph vasculature,UBERON:0004536,thoracic duct,thoracic duct,UBERON:0001631,"efferent lymphatics from third, fourth, and fifth intercostal spaces",,,,,,,,,,,,,,,,,,,,,,,,lymphatic endothelial cell,endothelial cell of lymphatic vessel,CL:0002138,VEGFR-3,FLT4,HGNC:3767,,,,,"Rouviere H. Anatomie des Lymphatiques de l'Homme. Masson et Cie: Paris, 1932.",,For AS
lymph vasculature,lymph vasculature,UBERON:0004536,thoracic duct,thoracic duct,UBERON:0001631,internal mammary lymphatics,Lymphatic vessel of internal mammary region,FMA:322627,,,,,,,,,,,,,,,,,,,,,,lymphatic endothelial cell,endothelial cell of lymphatic vessel,CL:0002138,VEGFR-3,FLT4,HGNC:3767,,,,,"Rouviere H. Anatomie des Lymphatiques de l'Homme. Masson et Cie: Paris, 1932.",,For AS
lymph vasculature,lymph vasculature,UBERON:0004536,thoracic duct,thoracic duct,UBERON:0001631,jugular lymph trunk,Jugular lymphatic trunk,FMA:12250,,,,,,,,,,,,,,,,,,,,,,lymphatic endothelial cell,endothelial cell of lymphatic vessel,CL:0002138,VEGFR-3,FLT4,HGNC:3767,,,,,"Rouviere H. Anatomie des Lymphatiques de l'Homme. Masson et Cie: Paris, 1932.",,For AS
lymph vasculature,lymph vasculature,UBERON:0004536,thoracic duct,thoracic duct,UBERON:0001631,left anterior mediastinal lymph node,,,,,,,,,,,,,,,,,,,,,,,,lymphatic endothelial cell,endothelial cell of lymphatic vessel,CL:0002138,VEGFR-3,FLT4,HGNC:3767,,,,,"Rouviere H. Anatomie des Lymphatiques de l'Homme. Masson et Cie: Paris, 1932.",,For AS
lymph vasculature,lymph vasculature,UBERON:0004536,thoracic duct,thoracic duct,UBERON:0001631,left anterior mediastinal lymph node,,,left suprabronchial lymph node of superior lymph collecting vessel of superior inferior lobe of left lung,,,,,,,,,,,,,,,,,,,,,lymphatic endothelial cell,endothelial cell of lymphatic vessel,CL:0002138,VEGFR-3,FLT4,HGNC:3767,,,,,"Rouviere H. Anatomie des Lymphatiques de l'Homme. Masson et Cie: Paris, 1932.",,For AS
lymph vasculature,lymph vasculature,UBERON:0004536,thoracic duct,thoracic duct,UBERON:0001631,left anterior mediastinal lymph node,,,"lymphatics of pleura, pericardium, heart, thymus, and left lung",,,,,,,,,,,,,,,,,,,,,lymphatic endothelial cell,endothelial cell of lymphatic vessel,CL:0002138,VEGFR-3,FLT4,HGNC:3767,,,,,"Rouviere H. Anatomie des Lymphatiques de l'Homme. Masson et Cie: Paris, 1932.",,For AS
lymph vasculature,lymph vasculature,UBERON:0004536,thoracic duct,thoracic duct,UBERON:0001631,left bronchomediastinal lymph trunk,Left bronchomediastinal lymphatic trunk,FMA:5834,,,,,,,,,,,,,,,,,,,,,,lymphatic endothelial cell,endothelial cell of lymphatic vessel,CL:0002138,VEGFR-3,FLT4,HGNC:3767,,,,,"Rouviere H. Anatomie des Lymphatiques de l'Homme. Masson et Cie: Paris, 1932.",,For AS
lymph vasculature,lymph vasculature,UBERON:0004536,thoracic duct,thoracic duct,UBERON:0001631,left jugular lymph trunk,Left jugular lymphatic trunk,FMA:5032,,,,,,,,,,,,,,,,,,,,,,lymphatic endothelial cell,endothelial cell of lymphatic vessel,CL:0002138,VEGFR-3,FLT4,HGNC:3767,,,,,"Rouviere H. Anatomie des Lymphatiques de l'Homme. Masson et Cie: Paris, 1932.",,For AS
lymph vasculature,lymph vasculature,UBERON:0004536,thoracic duct,thoracic duct,UBERON:0001631,left paratracheal lymph node,Left paratracheal lymph node,FMA:5955,,,,,,,,,,,,,,,,,,,,,,lymphatic endothelial cell,endothelial cell of lymphatic vessel,CL:0002138,VEGFR-3,FLT4,HGNC:3767,,,,,"Rouviere H. Anatomie des Lymphatiques de l'Homme. Masson et Cie: Paris, 1932.",,For AS
lymph vasculature,lymph vasculature,UBERON:0004536,thoracic duct,thoracic duct,UBERON:0001631,left subclavian lymph trunk,Left subclavian lymphatic trunk,FMA:5033,,,,,,,,,,,,,,,,,,,,,,lymphatic endothelial cell,endothelial cell of lymphatic vessel,CL:0002138,VEGFR-3,FLT4,HGNC:3767,,,,,"Rouviere H. Anatomie des Lymphatiques de l'Homme. Masson et Cie: Paris, 1932.",,For AS
lymph vasculature,lymph vasculature,UBERON:0004536,thoracic duct,thoracic duct,UBERON:0001631,subclavian lymph trunk,Subclavian lymphatic trunk,FMA:12252,,,,,,,,,,,,,,,,,,,,,,lymphatic endothelial cell,endothelial cell of lymphatic vessel,CL:0002138,VEGFR-3,FLT4,HGNC:3767,,,,,"Rouviere H. Anatomie des Lymphatiques de l'Homme. Masson et Cie: Paris, 1932.",,For AS
lymph vasculature,lymph vasculature,UBERON:0004536,thoracic duct,thoracic duct,UBERON:0001631,subclavian lymph trunk,Subclavian lymphatic trunk,FMA:12252,axillary vein group lymph node,Set of superficial axillary lymph nodes,FMA:323948,,,,,,,,,,,,,,,,,,,lymphatic endothelial cell,endothelial cell of lymphatic vessel,CL:0002138,VEGFR-3,FLT4,HGNC:3767,,,,,"Rouviere H. Anatomie des Lymphatiques de l'Homme. Masson et Cie: Paris, 1932.",,For AS
lymph vasculature,lymph vasculature,UBERON:0004536,thoracic duct,thoracic duct,UBERON:0001631,subclavian lymph trunk,Subclavian lymphatic trunk,FMA:12252,axillary vein group lymph node,Set of superficial axillary lymph nodes,FMA:323948,humeral lymph node #2,Set of humeral lymph nodes,FMA:71743,,,,,,,,,,,,,,,,lymphatic endothelial cell,endothelial cell of lymphatic vessel,CL:0002138,VEGFR-3,FLT4,HGNC:3767,,,,,"Rouviere H. Anatomie des Lymphatiques de l'Homme. Masson et Cie: Paris, 1932.",,For AS
lymph vasculature,lymph vasculature,UBERON:0004536,thoracic duct,thoracic duct,UBERON:0001631,subclavian lymph trunk,Subclavian lymphatic trunk,FMA:12252,central axillary lymph node,Central axillary lymph node group,FMA:71749,,,,,,,,,,,,,,,,,,,lymphatic endothelial cell,endothelial cell of lymphatic vessel,CL:0002138,VEGFR-3,FLT4,HGNC:3767,,,,,"Rouviere H. Anatomie des Lymphatiques de l'Homme. Masson et Cie: Paris, 1932.",,For AS
lymph vasculature,lymph vasculature,UBERON:0004536,thoracic duct,thoracic duct,UBERON:0001631,subclavian lymph trunk,Subclavian lymphatic trunk,FMA:12252,central axillary lymph node,Central axillary lymph node group,FMA:71749,humeral lymph node,Set of humeral lymph nodes,FMA:71743,,,,,,,,,,,,,,,,lymphatic endothelial cell,endothelial cell of lymphatic vessel,CL:0002138,VEGFR-3,FLT4,HGNC:3767,,,,,"Rouviere H. Anatomie des Lymphatiques de l'Homme. Masson et Cie: Paris, 1932.",,For AS
lymph vasculature,lymph vasculature,UBERON:0004536,thoracic duct,thoracic duct,UBERON:0001631,subclavian lymph trunk,Subclavian lymphatic trunk,FMA:12252,central axillary lymph node,Central axillary lymph node group,FMA:71749,humeral lymph node,Set of humeral lymph nodes,FMA:71743,brachial lymph trunk,Brachial lymphatic vessel,FMA:234924,,,,,,,,,,,,,lymphatic endothelial cell,endothelial cell of lymphatic vessel,CL:0002138,VEGFR-3,FLT4,HGNC:3767,,,,,"Rouviere H. Anatomie des Lymphatiques de l'Homme. Masson et Cie: Paris, 1932.",,For AS
lymph vasculature,lymph vasculature,UBERON:0004536,thoracic duct,thoracic duct,UBERON:0001631,subclavian lymph trunk,Subclavian lymphatic trunk,FMA:12252,central axillary lymph node,Central axillary lymph node group,FMA:71749,humeral lymph node,Set of humeral lymph nodes,FMA:71743,brachial lymph trunk,Brachial lymphatic vessel,FMA:234924,cubital fossa lymph node,,,,,,,,,,,,lymphatic endothelial cell,endothelial cell of lymphatic vessel,CL:0002138,VEGFR-3,FLT4,HGNC:3767,,,,,"Rouviere H. Anatomie des Lymphatiques de l'Homme. Masson et Cie: Paris, 1932.",,For AS
lymph vasculature,lymph vasculature,UBERON:0004536,thoracic duct,thoracic duct,UBERON:0001631,subclavian lymph trunk,Subclavian lymphatic trunk,FMA:12252,central axillary lymph node,Central axillary lymph node group,FMA:71749,humeral lymph node,Set of humeral lymph nodes,FMA:71743,brachial lymph trunk,Brachial lymphatic vessel,FMA:234924,cubital fossa lymph node,,,deep radial lymphatic channel,,,,,,,,,lymphatic endothelial cell,endothelial cell of lymphatic vessel,CL:0002138,VEGFR-3,FLT4,HGNC:3767,,,,,"Rouviere H. Anatomie des Lymphatiques de l'Homme. Masson et Cie: Paris, 1932.",,For AS
lymph vasculature,lymph vasculature,UBERON:0004536,thoracic duct,thoracic duct,UBERON:0001631,subclavian lymph trunk,Subclavian lymphatic trunk,FMA:12252,central axillary lymph node,Central axillary lymph node group,FMA:71749,humeral lymph node,Set of humeral lymph nodes,FMA:71743,brachial lymph trunk,Brachial lymphatic vessel,FMA:234924,cubital fossa lymph node,,,deep radial lymphatic channel,,,index finger lateral lymphatic channel #2,,,,,,lymphatic endothelial cell,endothelial cell of lymphatic vessel,CL:0002138,VEGFR-3,FLT4,HGNC:3767,,,,,"Rouviere H. Anatomie des Lymphatiques de l'Homme. Masson et Cie: Paris, 1932.",,For AS
lymph vasculature,lymph vasculature,UBERON:0004536,thoracic duct,thoracic duct,UBERON:0001631,subclavian lymph trunk,Subclavian lymphatic trunk,FMA:12252,central axillary lymph node,Central axillary lymph node group,FMA:71749,humeral lymph node,Set of humeral lymph nodes,FMA:71743,brachial lymph trunk,Brachial lymphatic vessel,FMA:234924,cubital fossa lymph node,,,deep radial lymphatic channel,,,index finger medial lymphatic channel #2,,,,,,lymphatic endothelial cell,endothelial cell of lymphatic vessel,CL:0002138,VEGFR-3,FLT4,HGNC:3767,,,,,"Rouviere H. Anatomie des Lymphatiques de l'Homme. Masson et Cie: Paris, 1932.",,For AS
lymph vasculature,lymph vasculature,UBERON:0004536,thoracic duct,thoracic duct,UBERON:0001631,subclavian lymph trunk,Subclavian lymphatic trunk,FMA:12252,central axillary lymph node,Central axillary lymph node group,FMA:71749,humeral lymph node,Set of humeral lymph nodes,FMA:71743,brachial lymph trunk,Brachial lymphatic vessel,FMA:234924,cubital fossa lymph node,,,deep radial lymphatic channel,,,middle finger lateral lymphatic channel #2,,,,,,lymphatic endothelial cell,endothelial cell of lymphatic vessel,CL:0002138,VEGFR-3,FLT4,HGNC:3767,,,,,"Rouviere H. Anatomie des Lymphatiques de l'Homme. Masson et Cie: Paris, 1932.",,For AS
lymph vasculature,lymph vasculature,UBERON:0004536,thoracic duct,thoracic duct,UBERON:0001631,subclavian lymph trunk,Subclavian lymphatic trunk,FMA:12252,central axillary lymph node,Central axillary lymph node group,FMA:71749,humeral lymph node,Set of humeral lymph nodes,FMA:71743,brachial lymph trunk,Brachial lymphatic vessel,FMA:234924,cubital fossa lymph node,,,deep radial lymphatic channel,,,middle finger medial lymphatic channel #2,,,,,,lymphatic endothelial cell,endothelial cell of lymphatic vessel,CL:0002138,VEGFR-3,FLT4,HGNC:3767,,,,,"Rouviere H. Anatomie des Lymphatiques de l'Homme. Masson et Cie: Paris, 1932.",,For AS
lymph vasculature,lymph vasculature,UBERON:0004536,thoracic duct,thoracic duct,UBERON:0001631,subclavian lymph trunk,Subclavian lymphatic trunk,FMA:12252,central axillary lymph node,Central axillary lymph node group,FMA:71749,humeral lymph node,Set of humeral lymph nodes,FMA:71743,brachial lymph trunk,Brachial lymphatic vessel,FMA:234924,cubital fossa lymph node,,,deep radial lymphatic channel,,,palmar arch lymphatic channel #4,,,,,,lymphatic endothelial cell,endothelial cell of lymphatic vessel,CL:0002138,VEGFR-3,FLT4,HGNC:3767,,,,,"Rouviere H. Anatomie des Lymphatiques de l'Homme. Masson et Cie: Paris, 1932.",,For AS
lymph vasculature,lymph vasculature,UBERON:0004536,thoracic duct,thoracic duct,UBERON:0001631,subclavian lymph trunk,Subclavian lymphatic trunk,FMA:12252,central axillary lymph node,Central axillary lymph node group,FMA:71749,humeral lymph node,Set of humeral lymph nodes,FMA:71743,brachial lymph trunk,Brachial lymphatic vessel,FMA:234924,cubital fossa lymph node,,,deep radial lymphatic channel,,,ring finger lateral lymphatic channel #2,,,,,,lymphatic endothelial cell,endothelial cell of lymphatic vessel,CL:0002138,VEGFR-3,FLT4,HGNC:3767,,,,,"Rouviere H. Anatomie des Lymphatiques de l'Homme. Masson et Cie: Paris, 1932.",,For AS
lymph vasculature,lymph vasculature,UBERON:0004536,thoracic duct,thoracic duct,UBERON:0001631,subclavian lymph trunk,Subclavian lymphatic trunk,FMA:12252,central axillary lymph node,Central axillary lymph node group,FMA:71749,humeral lymph node,Set of humeral lymph nodes,FMA:71743,brachial lymph trunk,Brachial lymphatic vessel,FMA:234924,cubital fossa lymph node,,,deep radial lymphatic channel,,,thumb lateral lymphatic channel #2,,,,,,lymphatic endothelial cell,endothelial cell of lymphatic vessel,CL:0002138,VEGFR-3,FLT4,HGNC:3767,,,,,"Rouviere H. Anatomie des Lymphatiques de l'Homme. Masson et Cie: Paris, 1932.",,For AS
lymph vasculature,lymph vasculature,UBERON:0004536,thoracic duct,thoracic duct,UBERON:0001631,subclavian lymph trunk,Subclavian lymphatic trunk,FMA:12252,central axillary lymph node,Central axillary lymph node group,FMA:71749,humeral lymph node,Set of humeral lymph nodes,FMA:71743,brachial lymph trunk,Brachial lymphatic vessel,FMA:234924,cubital fossa lymph node,,,deep radial lymphatic channel,,,thumb medial lymphatic channel #2,,,,,,lymphatic endothelial cell,endothelial cell of lymphatic vessel,CL:0002138,VEGFR-3,FLT4,HGNC:3767,,,,,"Rouviere H. Anatomie des Lymphatiques de l'Homme. Masson et Cie: Paris, 1932.",,For AS
lymph vasculature,lymph vasculature,UBERON:0004536,thoracic duct,thoracic duct,UBERON:0001631,subclavian lymph trunk,Subclavian lymphatic trunk,FMA:12252,central axillary lymph node,Central axillary lymph node group,FMA:71749,humeral lymph node,Set of humeral lymph nodes,FMA:71743,brachial lymph trunk,Brachial lymphatic vessel,FMA:234924,epitrochlear lymph node #2,,,,,,,,,,,,lymphatic endothelial cell,endothelial cell of lymphatic vessel,CL:0002138,VEGFR-3,FLT4,HGNC:3767,,,,,"Rouviere H. Anatomie des Lymphatiques de l'Homme. Masson et Cie: Paris, 1932.",,For AS
lymph vasculature,lymph vasculature,UBERON:0004536,thoracic duct,thoracic duct,UBERON:0001631,subclavian lymph trunk,Subclavian lymphatic trunk,FMA:12252,central axillary lymph node,Central axillary lymph node group,FMA:71749,humeral lymph node,Set of humeral lymph nodes,FMA:71743,brachial lymph trunk,Brachial lymphatic vessel,FMA:234924,superior ulnar lymph node,,,,,,,,,,,,lymphatic endothelial cell,endothelial cell of lymphatic vessel,CL:0002138,VEGFR-3,FLT4,HGNC:3767,,,,,"Rouviere H. Anatomie des Lymphatiques de l'Homme. Masson et Cie: Paris, 1932.",,For AS
lymph vasculature,lymph vasculature,UBERON:0004536,thoracic duct,thoracic duct,UBERON:0001631,subclavian lymph trunk,Subclavian lymphatic trunk,FMA:12252,central axillary lymph node,Central axillary lymph node group,FMA:71749,humeral lymph node,Set of humeral lymph nodes,FMA:71743,brachial lymph trunk,Brachial lymphatic vessel,FMA:234924,superior ulnar lymph node,,,anterior interosseous lymphatic channel,,,,,,,,,lymphatic endothelial cell,endothelial cell of lymphatic vessel,CL:0002138,VEGFR-3,FLT4,HGNC:3767,,,,,"Rouviere H. Anatomie des Lymphatiques de l'Homme. Masson et Cie: Paris, 1932.",,For AS
lymph vasculature,lymph vasculature,UBERON:0004536,thoracic duct,thoracic duct,UBERON:0001631,subclavian lymph trunk,Subclavian lymphatic trunk,FMA:12252,central axillary lymph node,Central axillary lymph node group,FMA:71749,humeral lymph node,Set of humeral lymph nodes,FMA:71743,brachial lymph trunk,Brachial lymphatic vessel,FMA:234924,superior ulnar lymph node,,,anterior interosseous lymphatic channel,,,palmar arch lymphatic channel,,,,,,lymphatic endothelial cell,endothelial cell of lymphatic vessel,CL:0002138,VEGFR-3,FLT4,HGNC:3767,,,,,"Rouviere H. Anatomie des Lymphatiques de l'Homme. Masson et Cie: Paris, 1932.",,For AS
lymph vasculature,lymph vasculature,UBERON:0004536,thoracic duct,thoracic duct,UBERON:0001631,subclavian lymph trunk,Subclavian lymphatic trunk,FMA:12252,central axillary lymph node,Central axillary lymph node group,FMA:71749,humeral lymph node,Set of humeral lymph nodes,FMA:71743,brachial lymph trunk,Brachial lymphatic vessel,FMA:234924,superior ulnar lymph node,,,anterior interosseous lymphatic channel,,,palmar arch lymphatic channel,,,index finger lateral lymphatic channel #3,,,lymphatic endothelial cell,endothelial cell of lymphatic vessel,CL:0002138,VEGFR-3,FLT4,HGNC:3767,,,,,"Rouviere H. Anatomie des Lymphatiques de l'Homme. Masson et Cie: Paris, 1932.",,For AS
lymph vasculature,lymph vasculature,UBERON:0004536,thoracic duct,thoracic duct,UBERON:0001631,subclavian lymph trunk,Subclavian lymphatic trunk,FMA:12252,central axillary lymph node,Central axillary lymph node group,FMA:71749,humeral lymph node,Set of humeral lymph nodes,FMA:71743,brachial lymph trunk,Brachial lymphatic vessel,FMA:234924,superior ulnar lymph node,,,anterior interosseous lymphatic channel,,,palmar arch lymphatic channel,,,index finger medial lymphatic channel #3,,,lymphatic endothelial cell,endothelial cell of lymphatic vessel,CL:0002138,VEGFR-3,FLT4,HGNC:3767,,,,,"Rouviere H. Anatomie des Lymphatiques de l'Homme. Masson et Cie: Paris, 1932.",,For AS
lymph vasculature,lymph vasculature,UBERON:0004536,thoracic duct,thoracic duct,UBERON:0001631,subclavian lymph trunk,Subclavian lymphatic trunk,FMA:12252,central axillary lymph node,Central axillary lymph node group,FMA:71749,humeral lymph node,Set of humeral lymph nodes,FMA:71743,brachial lymph trunk,Brachial lymphatic vessel,FMA:234924,superior ulnar lymph node,,,anterior interosseous lymphatic channel,,,palmar arch lymphatic channel,,,little finger lateral lymphatic channel #3,,,lymphatic endothelial cell,endothelial cell of lymphatic vessel,CL:0002138,VEGFR-3,FLT4,HGNC:3767,,,,,"Rouviere H. Anatomie des Lymphatiques de l'Homme. Masson et Cie: Paris, 1932.",,For AS
lymph vasculature,lymph vasculature,UBERON:0004536,thoracic duct,thoracic duct,UBERON:0001631,subclavian lymph trunk,Subclavian lymphatic trunk,FMA:12252,central axillary lymph node,Central axillary lymph node group,FMA:71749,humeral lymph node,Set of humeral lymph nodes,FMA:71743,brachial lymph trunk,Brachial lymphatic vessel,FMA:234924,superior ulnar lymph node,,,anterior interosseous lymphatic channel,,,palmar arch lymphatic channel,,,little finger medial lymphatic channel #3,,,lymphatic endothelial cell,endothelial cell of lymphatic vessel,CL:0002138,VEGFR-3,FLT4,HGNC:3767,,,,,"Rouviere H. Anatomie des Lymphatiques de l'Homme. Masson et Cie: Paris, 1932.",,For AS
lymph vasculature,lymph vasculature,UBERON:0004536,thoracic duct,thoracic duct,UBERON:0001631,subclavian lymph trunk,Subclavian lymphatic trunk,FMA:12252,central axillary lymph node,Central axillary lymph node group,FMA:71749,humeral lymph node,Set of humeral lymph nodes,FMA:71743,brachial lymph trunk,Brachial lymphatic vessel,FMA:234924,superior ulnar lymph node,,,anterior interosseous lymphatic channel,,,palmar arch lymphatic channel,,,middle finger lateral lymphatic channel #3,,,lymphatic endothelial cell,endothelial cell of lymphatic vessel,CL:0002138,VEGFR-3,FLT4,HGNC:3767,,,,,"Rouviere H. Anatomie des Lymphatiques de l'Homme. Masson et Cie: Paris, 1932.",,For AS
lymph vasculature,lymph vasculature,UBERON:0004536,thoracic duct,thoracic duct,UBERON:0001631,subclavian lymph trunk,Subclavian lymphatic trunk,FMA:12252,central axillary lymph node,Central axillary lymph node group,FMA:71749,humeral lymph node,Set of humeral lymph nodes,FMA:71743,brachial lymph trunk,Brachial lymphatic vessel,FMA:234924,superior ulnar lymph node,,,anterior interosseous lymphatic channel,,,palmar arch lymphatic channel,,,middle finger medial lymphatic channel #3,,,lymphatic endothelial cell,endothelial cell of lymphatic vessel,CL:0002138,VEGFR-3,FLT4,HGNC:3767,,,,,"Rouviere H. Anatomie des Lymphatiques de l'Homme. Masson et Cie: Paris, 1932.",,For AS
lymph vasculature,lymph vasculature,UBERON:0004536,thoracic duct,thoracic duct,UBERON:0001631,subclavian lymph trunk,Subclavian lymphatic trunk,FMA:12252,central axillary lymph node,Central axillary lymph node group,FMA:71749,humeral lymph node,Set of humeral lymph nodes,FMA:71743,brachial lymph trunk,Brachial lymphatic vessel,FMA:234924,superior ulnar lymph node,,,anterior interosseous lymphatic channel,,,palmar arch lymphatic channel,,,ring finger lateral lymphatic channel #3,,,lymphatic endothelial cell,endothelial cell of lymphatic vessel,CL:0002138,VEGFR-3,FLT4,HGNC:3767,,,,,"Rouviere H. Anatomie des Lymphatiques de l'Homme. Masson et Cie: Paris, 1932.",,For AS
lymph vasculature,lymph vasculature,UBERON:0004536,thoracic duct,thoracic duct,UBERON:0001631,subclavian lymph trunk,Subclavian lymphatic trunk,FMA:12252,central axillary lymph node,Central axillary lymph node group,FMA:71749,humeral lymph node,Set of humeral lymph nodes,FMA:71743,brachial lymph trunk,Brachial lymphatic vessel,FMA:234924,superior ulnar lymph node,,,anterior interosseous lymphatic channel,,,palmar arch lymphatic channel,,,ring finger medial lymphatic channel #3,,,lymphatic endothelial cell,endothelial cell of lymphatic vessel,CL:0002138,VEGFR-3,FLT4,HGNC:3767,,,,,"Rouviere H. Anatomie des Lymphatiques de l'Homme. Masson et Cie: Paris, 1932.",,For AS
lymph vasculature,lymph vasculature,UBERON:0004536,thoracic duct,thoracic duct,UBERON:0001631,subclavian lymph trunk,Subclavian lymphatic trunk,FMA:12252,central axillary lymph node,Central axillary lymph node group,FMA:71749,humeral lymph node,Set of humeral lymph nodes,FMA:71743,brachial lymph trunk,Brachial lymphatic vessel,FMA:234924,superior ulnar lymph node,,,anterior interosseous lymphatic channel,,,palmar arch lymphatic channel,,,thumb lateral lymphatic channel #3,,,lymphatic endothelial cell,endothelial cell of lymphatic vessel,CL:0002138,VEGFR-3,FLT4,HGNC:3767,,,,,"Rouviere H. Anatomie des Lymphatiques de l'Homme. Masson et Cie: Paris, 1932.",,For AS
lymph vasculature,lymph vasculature,UBERON:0004536,thoracic duct,thoracic duct,UBERON:0001631,subclavian lymph trunk,Subclavian lymphatic trunk,FMA:12252,central axillary lymph node,Central axillary lymph node group,FMA:71749,humeral lymph node,Set of humeral lymph nodes,FMA:71743,brachial lymph trunk,Brachial lymphatic vessel,FMA:234924,superior ulnar lymph node,,,anterior interosseous lymphatic channel,,,palmar arch lymphatic channel,,,thumb medial lymphatic channel #3,,,lymphatic endothelial cell,endothelial cell of lymphatic vessel,CL:0002138,VEGFR-3,FLT4,HGNC:3767,,,,,"Rouviere H. Anatomie des Lymphatiques de l'Homme. Masson et Cie: Paris, 1932.",,For AS
lymph vasculature,lymph vasculature,UBERON:0004536,thoracic duct,thoracic duct,UBERON:0001631,subclavian lymph trunk,Subclavian lymphatic trunk,FMA:12252,central axillary lymph node,Central axillary lymph node group,FMA:71749,humeral lymph node,Set of humeral lymph nodes,FMA:71743,brachial lymph trunk,Brachial lymphatic vessel,FMA:234924,superior ulnar lymph node,,,deep ulnar lymphatic channel,,,,,,,,,lymphatic endothelial cell,endothelial cell of lymphatic vessel,CL:0002138,VEGFR-3,FLT4,HGNC:3767,,,,,"Rouviere H. Anatomie des Lymphatiques de l'Homme. Masson et Cie: Paris, 1932.",,For AS
lymph vasculature,lymph vasculature,UBERON:0004536,thoracic duct,thoracic duct,UBERON:0001631,subclavian lymph trunk,Subclavian lymphatic trunk,FMA:12252,central axillary lymph node,Central axillary lymph node group,FMA:71749,humeral lymph node,Set of humeral lymph nodes,FMA:71743,brachial lymph trunk,Brachial lymphatic vessel,FMA:234924,superior ulnar lymph node,,,deep ulnar lymphatic channel,,,little finger lateral lymphatic channel #2,,,,,,lymphatic endothelial cell,endothelial cell of lymphatic vessel,CL:0002138,VEGFR-3,FLT4,HGNC:3767,,,,,"Rouviere H. Anatomie des Lymphatiques de l'Homme. Masson et Cie: Paris, 1932.",,For AS
lymph vasculature,lymph vasculature,UBERON:0004536,thoracic duct,thoracic duct,UBERON:0001631,subclavian lymph trunk,Subclavian lymphatic trunk,FMA:12252,central axillary lymph node,Central axillary lymph node group,FMA:71749,humeral lymph node,Set of humeral lymph nodes,FMA:71743,brachial lymph trunk,Brachial lymphatic vessel,FMA:234924,superior ulnar lymph node,,,deep ulnar lymphatic channel,,,little finger medial lymphatic channel #2,,,,,,lymphatic endothelial cell,endothelial cell of lymphatic vessel,CL:0002138,VEGFR-3,FLT4,HGNC:3767,,,,,"Rouviere H. Anatomie des Lymphatiques de l'Homme. Masson et Cie: Paris, 1932.",,For AS
lymph vasculature,lymph vasculature,UBERON:0004536,thoracic duct,thoracic duct,UBERON:0001631,subclavian lymph trunk,Subclavian lymphatic trunk,FMA:12252,central axillary lymph node,Central axillary lymph node group,FMA:71749,humeral lymph node,Set of humeral lymph nodes,FMA:71743,brachial lymph trunk,Brachial lymphatic vessel,FMA:234924,superior ulnar lymph node,,,deep ulnar lymphatic channel,,,palmar arch lymphatic channel #3,,,,,,lymphatic endothelial cell,endothelial cell of lymphatic vessel,CL:0002138,VEGFR-3,FLT4,HGNC:3767,,,,,"Rouviere H. Anatomie des Lymphatiques de l'Homme. Masson et Cie: Paris, 1932.",,For AS
lymph vasculature,lymph vasculature,UBERON:0004536,thoracic duct,thoracic duct,UBERON:0001631,subclavian lymph trunk,Subclavian lymphatic trunk,FMA:12252,central axillary lymph node,Central axillary lymph node group,FMA:71749,humeral lymph node,Set of humeral lymph nodes,FMA:71743,brachial lymph trunk,Brachial lymphatic vessel,FMA:234924,superior ulnar lymph node,,,deep ulnar lymphatic channel,,,ring finger medial lymphatic channel #2,,,,,,lymphatic endothelial cell,endothelial cell of lymphatic vessel,CL:0002138,VEGFR-3,FLT4,HGNC:3767,,,,,"Rouviere H. Anatomie des Lymphatiques de l'Homme. Masson et Cie: Paris, 1932.",,For AS
lymph vasculature,lymph vasculature,UBERON:0004536,thoracic duct,thoracic duct,UBERON:0001631,subclavian lymph trunk,Subclavian lymphatic trunk,FMA:12252,central axillary lymph node,Central axillary lymph node group,FMA:71749,humeral lymph node,Set of humeral lymph nodes,FMA:71743,brachial lymph trunk,Brachial lymphatic vessel,FMA:234924,superior ulnar lymph node,,,posterior interosseous lymphatic channel,,,,,,,,,lymphatic endothelial cell,endothelial cell of lymphatic vessel,CL:0002138,VEGFR-3,FLT4,HGNC:3767,,,,,"Rouviere H. Anatomie des Lymphatiques de l'Homme. Masson et Cie: Paris, 1932.",,For AS
lymph vasculature,lymph vasculature,UBERON:0004536,thoracic duct,thoracic duct,UBERON:0001631,subclavian lymph trunk,Subclavian lymphatic trunk,FMA:12252,central axillary lymph node,Central axillary lymph node group,FMA:71749,humeral lymph node,Set of humeral lymph nodes,FMA:71743,brachial lymph trunk,Brachial lymphatic vessel,FMA:234924,superior ulnar lymph node,,,posterior interosseous lymphatic channel,,,palmar arch lymphatic channel #2,,,,,,lymphatic endothelial cell,endothelial cell of lymphatic vessel,CL:0002138,VEGFR-3,FLT4,HGNC:3767,,,,,"Rouviere H. Anatomie des Lymphatiques de l'Homme. Masson et Cie: Paris, 1932.",,For AS
lymph vasculature,lymph vasculature,UBERON:0004536,thoracic duct,thoracic duct,UBERON:0001631,subclavian lymph trunk,Subclavian lymphatic trunk,FMA:12252,central axillary lymph node,Central axillary lymph node group,FMA:71749,medial lymphatic pathway of upper arm,,,,,,,,,,,,,,,,,,lymphatic endothelial cell,endothelial cell of lymphatic vessel,CL:0002138,VEGFR-3,FLT4,HGNC:3767,,,,,"Rouviere H. Anatomie des Lymphatiques de l'Homme. Masson et Cie: Paris, 1932.",,For AS
lymph vasculature,lymph vasculature,UBERON:0004536,thoracic duct,thoracic duct,UBERON:0001631,subclavian lymph trunk,Subclavian lymphatic trunk,FMA:12252,central axillary lymph node,Central axillary lymph node group,FMA:71749,medial lymphatic pathway of upper arm,,,epitrochlear lymph node,,,,,,,,,,,,,,,lymphatic endothelial cell,endothelial cell of lymphatic vessel,CL:0002138,VEGFR-3,FLT4,HGNC:3767,,,,,"Rouviere H. Anatomie des Lymphatiques de l'Homme. Masson et Cie: Paris, 1932.",,For AS
lymph vasculature,lymph vasculature,UBERON:0004536,thoracic duct,thoracic duct,UBERON:0001631,subclavian lymph trunk,Subclavian lymphatic trunk,FMA:12252,central axillary lymph node,Central axillary lymph node group,FMA:71749,medial lymphatic pathway of upper arm,,,epitrochlear lymph node,,,superficial ulnar lymphatic channel,,,,,,,,,,,,lymphatic endothelial cell,endothelial cell of lymphatic vessel,CL:0002138,VEGFR-3,FLT4,HGNC:3767,,,,,"Rouviere H. Anatomie des Lymphatiques de l'Homme. Masson et Cie: Paris, 1932.",,For AS
lymph vasculature,lymph vasculature,UBERON:0004536,thoracic duct,thoracic duct,UBERON:0001631,subclavian lymph trunk,Subclavian lymphatic trunk,FMA:12252,central axillary lymph node,Central axillary lymph node group,FMA:71749,medial lymphatic pathway of upper arm,,,epitrochlear lymph node,,,superficial ulnar lymphatic channel,,,little finger lateral lymphatic channel,,,,,,,,,lymphatic endothelial cell,endothelial cell of lymphatic vessel,CL:0002138,VEGFR-3,FLT4,HGNC:3767,,,,,"Rouviere H. Anatomie des Lymphatiques de l'Homme. Masson et Cie: Paris, 1932.",,For AS
lymph vasculature,lymph vasculature,UBERON:0004536,thoracic duct,thoracic duct,UBERON:0001631,subclavian lymph trunk,Subclavian lymphatic trunk,FMA:12252,central axillary lymph node,Central axillary lymph node group,FMA:71749,medial lymphatic pathway of upper arm,,,epitrochlear lymph node,,,superficial ulnar lymphatic channel,,,little finger medial lymphatic channel,,,,,,,,,lymphatic endothelial cell,endothelial cell of lymphatic vessel,CL:0002138,VEGFR-3,FLT4,HGNC:3767,,,,,"Rouviere H. Anatomie des Lymphatiques de l'Homme. Masson et Cie: Paris, 1932.",,For AS
lymph vasculature,lymph vasculature,UBERON:0004536,thoracic duct,thoracic duct,UBERON:0001631,subclavian lymph trunk,Subclavian lymphatic trunk,FMA:12252,central axillary lymph node,Central axillary lymph node group,FMA:71749,medial lymphatic pathway of upper arm,,,epitrochlear lymph node,,,superficial ulnar lymphatic channel,,,middle finger medial lymphatic channel,,,,,,,,,lymphatic endothelial cell,endothelial cell of lymphatic vessel,CL:0002138,VEGFR-3,FLT4,HGNC:3767,,,,,"Rouviere H. Anatomie des Lymphatiques de l'Homme. Masson et Cie: Paris, 1932.",,For AS
lymph vasculature,lymph vasculature,UBERON:0004536,thoracic duct,thoracic duct,UBERON:0001631,subclavian lymph trunk,Subclavian lymphatic trunk,FMA:12252,central axillary lymph node,Central axillary lymph node group,FMA:71749,medial lymphatic pathway of upper arm,,,epitrochlear lymph node,,,superficial ulnar lymphatic channel,,,ring finger lateral lymphatic channel,,,,,,,,,lymphatic endothelial cell,endothelial cell of lymphatic vessel,CL:0002138,VEGFR-3,FLT4,HGNC:3767,,,,,"Rouviere H. Anatomie des Lymphatiques de l'Homme. Masson et Cie: Paris, 1932.",,For AS
lymph vasculature,lymph vasculature,UBERON:0004536,thoracic duct,thoracic duct,UBERON:0001631,subclavian lymph trunk,Subclavian lymphatic trunk,FMA:12252,central axillary lymph node,Central axillary lymph node group,FMA:71749,medial lymphatic pathway of upper arm,,,epitrochlear lymph node,,,superficial ulnar lymphatic channel,,,ring finger medial lymphatic channel,,,,,,,,,lymphatic endothelial cell,endothelial cell of lymphatic vessel,CL:0002138,VEGFR-3,FLT4,HGNC:3767,,,,,"Rouviere H. Anatomie des Lymphatiques de l'Homme. Masson et Cie: Paris, 1932.",,For AS
lymph vasculature,lymph vasculature,UBERON:0004536,thoracic duct,thoracic duct,UBERON:0001631,subclavian lymph trunk,Subclavian lymphatic trunk,FMA:12252,retropectoral lymph vessel,,,,,,,,,,,,,,,,,,,,,lymphatic endothelial cell,endothelial cell of lymphatic vessel,CL:0002138,VEGFR-3,FLT4,HGNC:3767,,,,,"Rouviere H. Anatomie des Lymphatiques de l'Homme. Masson et Cie: Paris, 1932.",,For AS
lymph vasculature,lymph vasculature,UBERON:0004536,thoracic duct,thoracic duct,UBERON:0001631,subclavian lymph trunk,Subclavian lymphatic trunk,FMA:12252,subclavicular lymph node,,,,,,,,,,,,,,,,,,,,,lymphatic endothelial cell,endothelial cell of lymphatic vessel,CL:0002138,VEGFR-3,FLT4,HGNC:3767,,,,,"Rouviere H. Anatomie des Lymphatiques de l'Homme. Masson et Cie: Paris, 1932.",,For AS
lymph vasculature,lymph vasculature,UBERON:0004536,thoracic duct,thoracic duct,UBERON:0001631,subclavian lymph trunk,Subclavian lymphatic trunk,FMA:12252,subclavicular lymph node,,,lateral lymphatic pathway of upper arm #2,,,,,,,,,,,,,,,,,,lymphatic endothelial cell,endothelial cell of lymphatic vessel,CL:0002138,VEGFR-3,FLT4,HGNC:3767,,,,,"Rouviere H. Anatomie des Lymphatiques de l'Homme. Masson et Cie: Paris, 1932.",,For AS
lymph vasculature,lymph vasculature,UBERON:0004536,thoracic duct,thoracic duct,UBERON:0001631,subclavian lymph trunk,Subclavian lymphatic trunk,FMA:12252,supraclavicular lymph trunk,Supraclavicular lymphatic vessel,FMA:234912,,,,,,,,,,,,,,,,,,,lymphatic endothelial cell,endothelial cell of lymphatic vessel,CL:0002138,VEGFR-3,FLT4,HGNC:3767,,,,,"Rouviere H. Anatomie des Lymphatiques de l'Homme. Masson et Cie: Paris, 1932.",,For AS
lymph vasculature,lymph vasculature,UBERON:0004536,thoracic duct,thoracic duct,UBERON:0001631,subclavian lymph trunk,Subclavian lymphatic trunk,FMA:12252,supraclavicular lymph trunk,Supraclavicular lymphatic vessel,FMA:234912,supraclavicular lymph node,supraclavicular lymph node,UBERON:0035279,,,,,,,,,,,,,,,,lymphatic endothelial cell,endothelial cell of lymphatic vessel,CL:0002138,VEGFR-3,FLT4,HGNC:3767,,,,,"Rouviere H. Anatomie des Lymphatiques de l'Homme. Masson et Cie: Paris, 1932.",,For AS
lymph vasculature,lymph vasculature,UBERON:0004536,thoracic duct,thoracic duct,UBERON:0001631,subclavian lymph trunk,Subclavian lymphatic trunk,FMA:12252,supraclavicular lymph trunk,Supraclavicular lymphatic vessel,FMA:234912,supraclavicular lymph node,supraclavicular lymph node,UBERON:0035279,lateral lymphatic pathway of upper arm,,,,,,,,,,,,,,,lymphatic endothelial cell,endothelial cell of lymphatic vessel,CL:0002138,VEGFR-3,FLT4,HGNC:3767,,,,,"Rouviere H. Anatomie des Lymphatiques de l'Homme. Masson et Cie: Paris, 1932.",,For AS
lymph vasculature,lymph vasculature,UBERON:0004536,thoracic duct,thoracic duct,UBERON:0001631,subclavian lymph trunk,Subclavian lymphatic trunk,FMA:12252,supraclavicular lymph trunk,Supraclavicular lymphatic vessel,FMA:234912,supraclavicular lymph node,supraclavicular lymph node,UBERON:0035279,lateral lymphatic pathway of upper arm,,,radial lymphatic channel,,,,,,,,,,,,lymphatic endothelial cell,endothelial cell of lymphatic vessel,CL:0002138,VEGFR-3,FLT4,HGNC:3767,,,,,"Rouviere H. Anatomie des Lymphatiques de l'Homme. Masson et Cie: Paris, 1932.",,For AS
lymph vasculature,lymph vasculature,UBERON:0004536,thoracic duct,thoracic duct,UBERON:0001631,subclavian lymph trunk,Subclavian lymphatic trunk,FMA:12252,supraclavicular lymph trunk,Supraclavicular lymphatic vessel,FMA:234912,supraclavicular lymph node,supraclavicular lymph node,UBERON:0035279,lateral lymphatic pathway of upper arm,,,radial lymphatic channel,,,index finger lateral lymphatic channel,,,,,,,,,lymphatic endothelial cell,endothelial cell of lymphatic vessel,CL:0002138,VEGFR-3,FLT4,HGNC:3767,,,,,"Rouviere H. Anatomie des Lymphatiques de l'Homme. Masson et Cie: Paris, 1932.",,For AS
lymph vasculature,lymph vasculature,UBERON:0004536,thoracic duct,thoracic duct,UBERON:0001631,subclavian lymph trunk,Subclavian lymphatic trunk,FMA:12252,supraclavicular lymph trunk,Supraclavicular lymphatic vessel,FMA:234912,supraclavicular lymph node,supraclavicular lymph node,UBERON:0035279,lateral lymphatic pathway of upper arm,,,radial lymphatic channel,,,index finger medial lymphatic channel,,,,,,,,,lymphatic endothelial cell,endothelial cell of lymphatic vessel,CL:0002138,VEGFR-3,FLT4,HGNC:3767,,,,,"Rouviere H. Anatomie des Lymphatiques de l'Homme. Masson et Cie: Paris, 1932.",,For AS
lymph vasculature,lymph vasculature,UBERON:0004536,thoracic duct,thoracic duct,UBERON:0001631,subclavian lymph trunk,Subclavian lymphatic trunk,FMA:12252,supraclavicular lymph trunk,Supraclavicular lymphatic vessel,FMA:234912,supraclavicular lymph node,supraclavicular lymph node,UBERON:0035279,lateral lymphatic pathway of upper arm,,,radial lymphatic channel,,,middle finger lateral lymphatic channel,,,,,,,,,lymphatic endothelial cell,endothelial cell of lymphatic vessel,CL:0002138,VEGFR-3,FLT4,HGNC:3767,,,,,"Rouviere H. Anatomie des Lymphatiques de l'Homme. Masson et Cie: Paris, 1932.",,For AS
lymph vasculature,lymph vasculature,UBERON:0004536,thoracic duct,thoracic duct,UBERON:0001631,subclavian lymph trunk,Subclavian lymphatic trunk,FMA:12252,supraclavicular lymph trunk,Supraclavicular lymphatic vessel,FMA:234912,supraclavicular lymph node,supraclavicular lymph node,UBERON:0035279,lateral lymphatic pathway of upper arm,,,radial lymphatic channel,,,thumb lateral lymphatic channel,,,,,,,,,lymphatic endothelial cell,endothelial cell of lymphatic vessel,CL:0002138,VEGFR-3,FLT4,HGNC:3767,,,,,"Rouviere H. Anatomie des Lymphatiques de l'Homme. Masson et Cie: Paris, 1932.",,For AS
lymph vasculature,lymph vasculature,UBERON:0004536,thoracic duct,thoracic duct,UBERON:0001631,subclavian lymph trunk,Subclavian lymphatic trunk,FMA:12252,supraclavicular lymph trunk,Supraclavicular lymphatic vessel,FMA:234912,supraclavicular lymph node,supraclavicular lymph node,UBERON:0035279,lateral lymphatic pathway of upper arm,,,radial lymphatic channel,,,thumb medial lymphatic channel,,,,,,,,,lymphatic endothelial cell,endothelial cell of lymphatic vessel,CL:0002138,VEGFR-3,FLT4,HGNC:3767,,,,,"Rouviere H. Anatomie des Lymphatiques de l'Homme. Masson et Cie: Paris, 1932.",,For AS
lymph vasculature,lymph vasculature,UBERON:0004536,thoracic duct,thoracic duct,UBERON:0001631,subclavian lymph trunk,Subclavian lymphatic trunk,FMA:12252,transpectoral lymph vessel,,,,,,,,,,,,,,,,,,,,,lymphatic endothelial cell,endothelial cell of lymphatic vessel,CL:0002138,VEGFR-3,FLT4,HGNC:3767,,,,,"Rouviere H. Anatomie des Lymphatiques de l'Homme. Masson et Cie: Paris, 1932.",,For AS
lymph vasculature,lymph vasculature,UBERON:0004536,thoracic duct,thoracic duct,UBERON:0001631,transverse cervical lymph node,,,,,,,,,,,,,,,,,,,,,,,,lymphatic endothelial cell,endothelial cell of lymphatic vessel,CL:0002138,VEGFR-3,FLT4,HGNC:3767,,,,,"Rouviere H. Anatomie des Lymphatiques de l'Homme. Masson et Cie: Paris, 1932.",,For AS