"Anatomical Structures, Cell Types and Biomarkers Table for Heart",,,,,,,,,,,,,,,,,,,,,,,,,,,,,,,,,,,,,,,,,,,,,
,,,,,,,,,,,,,,,,,,,,,,,,,,,,,,,,,,,,,,,,,,,,,
Author Name(s):,Shin Lin; Marc Halushka; Avinash Boppana,,,,,,,,,,,,,,,,,,,,,,,,,,,,,,,,,,,,,,,,,,,,
Author ORCID(s):,0000-0003-0118-0413; 0000-0002-7112-7389; 0000-0003-0834-8274,,,,,,,,,,,,,,,,,,,,,,,,,,,,,,,,,,,,,,,,,,,,
Reviewer(s):,Kalyanam Shivkumar; Peter Hanna; Ellen M. Quardokus ,,,,,,,,,,,,,,,,,,,,,,,,,,,,,,,,,,,,,,,,,,,,
Reviewer ORCID(s):,0000-0002-4121-1766; 0000-0003-3092-5090; 0000-0001-7655-4833,,,,,,,,,,,,,,,,,,,,,,,,,,,,,,,,,,,,,,,,,,,,
General Publication(s):,https://doi.org/ 10.1038/s41586-020-2797-4,,,,,,,,,,,,,,,,,,,,,,,,,,,,,,,,,,,,,,,,,,,,
Data DOI:,https://doi.org/10.48539/HBM775.PMBV.843,,,,,,,,,,,,,,,,,,,,,,,,,,,,,,,,,,,,,,,,,,,,
Date:,15-Jun-24,,,,,,,,,,,,,,,,,,,,,,,,,,,,,,,,,,,,,,,,,,,,
Version Number:,v1.4,,,,,,,,,,,,,,,,,,,,,,,,,,,,,,,,,,,,,,,,,,,,
AS/1,AS/1/LABEL,AS/1/ID,AS/2,AS/2/LABEL,AS/2/ID,AS/3,AS/3/LABEL,AS/3/ID,AS/3/NOTE,CT/1,CT/1/LABEL,CT/1/ID,CT/1/NOTES,CT/2,CT/2/LABEL,CT/2/ID,CT/3,CT/3/LABEL,CT/3/ID,Combined gene Markers,BGene/1,BGene/1/LABEL,BGene/1/ID,BGene/1/NOTES,BGene/2,BGene/2/LABEL,BGene/2/ID,BGene/2/NOTES,BGene/3,BGene/3/LABEL,BGene/3/ID,BGene/3/NOTES,BGene/4,BGene/4/LABEL,BGene/4/ID,BGene/4/NOTES,FTU/1,FTU/1/LABEL,FTU/1/ID,REF/1,REF/1/ID,REF/1/NOTES,REF/2,REF/2/ID,REF/2/NOTES
heart,heart,UBERON:0000948,right atrium,right cardiac atrium,UBERON:0002078,sinoatrial node,sinoatrial node,UBERON:0002351,,pacemaker cell,cardiac pacemaker cell of sinoatrial node,CL:1000477,,,,,,,,"HCN4, Cx45",HCN4,hyperpolarization activated cyclic nucleotide gated potassium channel 4,HGNC:16882,,GJC1,gap junction protein gamma 1,HGNC:4280,alias Cx45,,,,,,,,,,,,,,,,,
heart,heart,UBERON:0000948,right atrium,right cardiac atrium,UBERON:0002078,sinoatrial nodal artery,Sinoatrial nodal branch of right coronary artery,FMA:3823,,endothelial cell,endothelial cell of artery,CL:1000413,,,,,,,,"PECAM1, VWF, CDH5",PECAM1,platelet and endothelial cell adhesion molecule 1,HGNC:8823,,VWF,von Willebrand factor,HGNC:12726,,CDH5,cadherin 5,HGNC:1764,,,,,,,,,,,"arises from the right coronary artery in around 60% of people. In about 40% of cases, the sinoatrial artery is a branch of the left circumflex coronary artery",,,
heart,heart,UBERON:0000948,right atrium,right cardiac atrium,UBERON:0002078,sinoatrial nodal artery,Sinoatrial nodal branch of right coronary artery,FMA:3823,,smooth muscle cell,smooth muscle cell of the coronary artery,CL:0002592,,,,,,,,"MYH11,TAGLN,ACTA2",MYH11,myosin heavy chain 11,HGNC:7569,,TAGLN,transgelin,HGNC:11553,,ACTA2,"actin alpha 2, smooth muscle",HGNC:130,,,,,,,,,,,,,,
heart,heart,UBERON:0000948,right atrium,right cardiac atrium,UBERON:0002078,sinoatrial nodal artery,Sinoatrial nodal branch of right coronary artery,FMA:3823,,fibroblast,fibroblast,CL:0000057,,,,,,,,"PDGFRA, GSN, DCN",PDGFRA,platelet derived growth factor receptor alpha,HGNC:8803,,GSN,gelsolin,HGNC:4620,,DCN,decorin,HGNC:2705,,,,,,,,,,,,,,
heart,heart,UBERON:0000948,right atrium,right cardiac atrium,UBERON:0002078,myocardium,cardiac muscle of right atrium,UBERON:0003379,,cardiomyocyte,cardiac muscle cell,CL:0000746,,,,,,,,"NPPA, MYL4, MYL7",NPPA,natriuretic peptide A,HGNC:7939,,MYL4,myosin light chain 4,HGNC:7585,,MYL7,myosin light chain 7,HGNC:21719,,,,,,,,,,,,,,
heart,heart,UBERON:0000948,right atrium,right cardiac atrium,UBERON:0002078,myocardium,cardiac muscle of right atrium,UBERON:0003379,,fibroblast,cardiac atrium fibroblast,CL:2000067,,,,,,,,"PDGFRA, GSN, DCN",PDGFRA,platelet derived growth factor receptor alpha,HGNC:8803,,GSN,gelsolin,HGNC:4620,,DCN,decorin,HGNC:2705,,,,,,,,,,,,,,
heart,heart,UBERON:0000948,right atrium,right cardiac atrium,UBERON:0002078,myocardium,cardiac muscle of right atrium,UBERON:0003379,,macrophage,macrophage,CL:0000235,,,,,,,,"CD14,C1QA,CD68, FOLR2",CD14,CD14 molecule,HGNC:1628,,C1QA,complement C1q A chain,HGNC:1241,,CD68,CD68 molecule,HGNC:1693,,FOLR2,folate receptor beta,HGNC:3793,,,,,,,,,,
heart,heart,UBERON:0000948,right atrium,right cardiac atrium,UBERON:0002078,myocardium,cardiac muscle of right atrium,UBERON:0003379,,Schwann Cell,Schwann cell,CL:0002573,,,,,,,,"PLP1, NRXN1, NRXN3",PLP1,proteolipid protein 1,HGNC:9086,,NRXN1,neurexin 1,HGNC:8008,,NRXN3,neurexin 3,HGNC:8010,,,,,,,,,,,,,,
heart,heart,UBERON:0000948,right atrium,right cardiac atrium,UBERON:0002078,myocardium,cardiac muscle tissue of interventricular septum,UBERON:0003383,,mast cell,mast cell,CL:0000097,,,,,,,,,,,,,,,,,,,,,,,,,,,,,,,,,
heart,heart,UBERON:0000948,right atrium,right cardiac atrium,UBERON:0002078,myocardium,cardiac muscle tissue of interventricular septum,UBERON:0003383,,lymphatic endothelial cell,endothelial cell of lymphatic vessel,CL:0002138,,,,,,,,,,,,,,,,,,,,,,,,,,,,,,,,,
heart,heart,UBERON:0000948,right atrium,right cardiac atrium,UBERON:0002078,myocardium,cardiac muscle tissue of interventricular septum,UBERON:0003383,,B lymphocyte,B cell,CL:0000236,,,,,,,,,,,,,,,,,,,,,,,,,,,,,,,,,
heart,heart,UBERON:0000948,right atrium,right cardiac atrium,UBERON:0002078,myocardium,cardiac muscle tissue of interventricular septum,UBERON:0003383,,NK/T lymphocyte,immature NK T cell,CL:0000914,,,,,,,,,,,,,,,,,,,,,,,,,,,,,,,,,
heart,heart,UBERON:0000948,right atrium,right cardiac atrium,UBERON:0002078,myocardium,cardiac muscle tissue of interventricular septum,UBERON:0003383,,Innate lymphoid cell,Innate lymphoid cell,CL:0001065,,,,,,,,,,,,,,,,,,,,,,,,,,,,,,,,,
heart,heart,UBERON:0000948,right atrium,right cardiac atrium,UBERON:0002078,myocardium,cardiac muscle tissue of interventricular septum,UBERON:0003383,,endocardial cell,endocardial cell,CL:0002350,,,,,,,,,,,,,,,,,,,,,,,,,,,,,,,,,
heart,heart,UBERON:0000948,right atrium,right cardiac atrium,UBERON:0002078,vasculature,vasculature,UBERON:0002049,,endothelial cell,cardiac endothelial cell,CL:0010008,,,,,,,,"PECAM1, VWF, CDH5",PECAM1,platelet and endothelial cell adhesion molecule 1,HGNC:8823,,VWF,von Willebrand factor,HGNC:12726,,CDH5,cadherin 5,HGNC:1764,,,,,,,,,,,,,,
heart,heart,UBERON:0000948,right atrium,right cardiac atrium,UBERON:0002078,vasculature,vasculature,UBERON:0002049,,smooth muscle cell,vascular associated smooth muscle cell,CL:0000359,,,,,,,,"MYH11,TAGLN,ACTA2",MYH11,myosin heavy chain 11,HGNC:7569,,TAGLN,transgelin,HGNC:11553,,ACTA2,"actin alpha 2, smooth muscle",HGNC:130,,,,,,,,,,,,,,
heart,heart,UBERON:0000948,right atrium,right cardiac atrium,UBERON:0002078,vasculature,vasculature,UBERON:0002049,,fibroblast,cardiac atrium fibroblast,CL:2000067,,,,,,,,"PDGFRA, GSN, DCN",PDGFRA,platelet derived growth factor receptor alpha,HGNC:8803,,GSN,gelsolin,HGNC:4620,,DCN,decorin,HGNC:2705,,,,,,,,,,,,,,
heart,heart,UBERON:0000948,right atrium,right cardiac atrium,UBERON:0002078,capillary,capillary,UBERON:0001982,,pericyte,pericyte,CL:0000669,,,,,,,,"RGS5, ABCC9, KCNJ8",RGS5,regulator of G protein signaling 5,HGNC:10001,,ABCC9,ATP binding cassette subfamily C member 9,HGNC:60,,KCNJ8,potassium inwardly rectifying channel subfamily J member 8,HGNC:6269,,,,,,,,,,,,,,
heart,heart,UBERON:0000948,right atrium,right cardiac atrium,UBERON:0002078,venule,venule,UBERON:0001979,,pericyte,pericyte,CL:0000669,,,,,,,,"RGS5, ABCC9, KCNJ8",RGS5,regulator of G protein signaling 5,HGNC:10001,,ABCC9,ATP binding cassette subfamily C member 9,HGNC:60,,KCNJ8,potassium inwardly rectifying channel subfamily J member 8,HGNC:6269,,,,,,,,,,,,,,
heart,heart,UBERON:0000948,right atrium,right cardiac atrium,UBERON:0002078,anterior cardiac veins,Anterior cardiac vein,FMA:76767,,endothelial cell,endothelial cell of artery,CL:1000413,,,,,,,,"PECAM1, VWF, CDH5",PECAM1,platelet and endothelial cell adhesion molecule 1,HGNC:8823,,VWF,von Willebrand factor,HGNC:12726,,CDH5,cadherin 5,HGNC:1764,,,,,,,,,,,,,,
heart,heart,UBERON:0000948,right atrium,right cardiac atrium,UBERON:0002078,anterior cardiac veins,Anterior cardiac vein,FMA:76767,,smooth muscle cell,smooth muscle cell of the coronary artery,CL:0002592,,,,,,,,"MYH11,TAGLN,ACTA2",MYH11,myosin heavy chain 11,HGNC:7569,,TAGLN,transgelin,HGNC:11553,,ACTA2,"actin alpha 2, smooth muscle",HGNC:130,,,,,,,,,,,,,,
heart,heart,UBERON:0000948,right atrium,right cardiac atrium,UBERON:0002078,anterior cardiac veins,Anterior cardiac vein,FMA:76767,,fibroblast,fibroblast,CL:0000057,,,,,,,,"PDGFRA, GSN, DCN",PDGFRA,platelet derived growth factor receptor alpha,HGNC:8803,,GSN,gelsolin,HGNC:4620,,DCN,decorin,HGNC:2705,,,,,,,,,,,,,,
heart,heart,UBERON:0000948,right atrium,right cardiac atrium,UBERON:0002078,myocardium,Myocardium of right atrium,FMA:83531,,telocyte (interstitial like cell of cajal),telocyte,CL:0017004,,,,,,,,"CD34,vimentin",CD34,CD34 molecule,HGNC:1662,,VIM,vimentin,HGNC:12692,,,,,,,,,,,,,,,,,,
heart,heart,UBERON:0000948,right atrium,right cardiac atrium,UBERON:0002078,myocardium,Myocardium of right atrium,FMA:83531,,lymphocyte,lymphocyte,CL:0000542,,,,,,,,"CD8A,NKG7,LCK",CD8A,CD8 subunit alpha,HGNC:1706,,NKG7,natural killer cell granule protein 7,HGNC:7830,,LCK,"LCK proto-oncogene, Src family tyrosine kinase",HGNC:6524,,,,,,,,,,,,,,
heart,heart,UBERON:0000948,right atrium,right cardiac atrium,UBERON:0002078,myocardium,Myocardium of right atrium,FMA:83531,,dendritic cell,"dendritic cell, human",CL:0001056,,,,,,,,"CD11b, CD11c, CD103, CD205",ITGAM,integrin subunit alpha M,HGNC:6149,alias CD11b,ITGAX,integrin subunit alpha X,HGNC:6152,alias CD11c,ITGAE,integrin subunit alpha E,HGNC:6147,alias CD103,LY75,lymphocyte antigen 75,HGNC:6729,alias CD205,,,,,,,,,
heart,heart,UBERON:0000948,right atrium,right cardiac atrium,UBERON:0002078,myocardium,Myocardium of right atrium,FMA:83531,,adipocyte,fat cell,CL:0000136,,,,,,,,"GPAM, LEP, FASN",GPAM,"glycerol-3-phosphate acyltransferase, mitochondrial",HGNC:24865,,LEP,leptin,HGNC:6553,,FASN,fatty acid synthase,HGNC:3594,,,,,,,,,,,,,,
heart,heart,UBERON:0000948,atrioventricular junction,atrioventricular region,UBERON:0011820,left circumflex artery,circumflex branch of left coronary artery,UBERON:0035422,,endothelial cell,endothelial cell of artery,CL:1000413,,,,,,,,"PECAM1, VWF, CDH5",PECAM1,platelet and endothelial cell adhesion molecule 1,HGNC:8823,,VWF,von Willebrand factor,HGNC:12726,,CDH5,cadherin 5,HGNC:1764,,,,,,,,,,,,,,
heart,heart,UBERON:0000948,atrioventricular junction,atrioventricular region,UBERON:0011820,left circumflex artery,circumflex branch of left coronary artery,UBERON:0035422,,smooth muscle cell,smooth muscle cell of the coronary artery,CL:0002592,,,,,,,,"MYH11,TAGLN,ACTA2",MYH11,myosin heavy chain 11,HGNC:7569,,TAGLN,transgelin,HGNC:11553,,ACTA2,"actin alpha 2, smooth muscle",HGNC:130,,,,,,,,,,,,,,
heart,heart,UBERON:0000948,atrioventricular junction,atrioventricular region,UBERON:0011820,left circumflex artery,circumflex branch of left coronary artery,UBERON:0035422,,fibroblast,fibroblast,CL:0000057,,,,,,,,"PDGFRA, GSN, DCN",PDGFRA,platelet derived growth factor receptor alpha,HGNC:8803,,GSN,gelsolin,HGNC:4620,,DCN,decorin,HGNC:2705,,,,,,,,,,,,,,
heart,heart,UBERON:0000948,atrioventricular junction,atrioventricular region,UBERON:0011820,atrioventicular nodal artery,Atrioventricular node branch of right coronary artery,FMA:3851,,endothelial cell,endothelial cell of artery,CL:1000413,,,,,,,,"PECAM1, VWF, CDH5",PECAM1,platelet and endothelial cell adhesion molecule 1,HGNC:8823,,VWF,von Willebrand factor,HGNC:12726,,CDH5,cadherin 5,HGNC:1764,,,,,,,,,,,,,,
heart,heart,UBERON:0000948,atrioventricular junction,atrioventricular region,UBERON:0011820,atrioventicular nodal artery,Atrioventricular node branch of right coronary artery,FMA:3851,,smooth muscle cell,smooth muscle cell of the coronary artery,CL:0002592,,,,,,,,"MYH11,TAGLN,ACTA2",MYH11,myosin heavy chain 11,HGNC:7569,,TAGLN,transgelin,HGNC:11553,,ACTA2,"actin alpha 2, smooth muscle",HGNC:130,,,,,,,,,,,,,,
heart,heart,UBERON:0000948,atrioventricular junction,atrioventricular region,UBERON:0011820,atrioventicular nodal artery,Atrioventricular node branch of right coronary artery,FMA:3851,,fibroblast,fibroblast,CL:0000057,,,,,,,,"PDGFRA, GSN, DCN",PDGFRA,platelet derived growth factor receptor alpha,HGNC:8803,,GSN,gelsolin,HGNC:4620,,DCN,decorin,HGNC:2705,,,,,,,,,,,,,,
heart,heart,UBERON:0000948,atrioventricular junction,atrioventricular region,UBERON:0011820,coronary sinus,coronary sinus,UBERON:0005438,,endothelial cell,endothelial cell of artery,CL:1000413,,,,,,,,"PECAM1, VWF, CDH5",PECAM1,platelet and endothelial cell adhesion molecule 1,HGNC:8823,,VWF,von Willebrand factor,HGNC:12726,,CDH5,cadherin 5,HGNC:1764,,,,,,,,,,,,,,
heart,heart,UBERON:0000948,atrioventricular junction,atrioventricular region,UBERON:0011820,coronary sinus,coronary sinus,UBERON:0005438,,smooth muscle cell,vascular associated smooth muscle cell,CL:0000359,,,,,,,,"MYH11,TAGLN,ACTA2",MYH11,myosin heavy chain 11,HGNC:7569,,TAGLN,transgelin,HGNC:11553,,ACTA2,"actin alpha 2, smooth muscle",HGNC:130,,,,,,,,,,,,,,
heart,heart,UBERON:0000948,atrioventricular junction,atrioventricular region,UBERON:0011820,coronary sinus,coronary sinus,UBERON:0005438,,fibroblast,fibroblast,CL:0000057,,,,,,,,"PDGFRA, GSN, DCN",PDGFRA,platelet derived growth factor receptor alpha,HGNC:8803,,GSN,gelsolin,HGNC:4620,,DCN,decorin,HGNC:2705,,,,,,,,,,,,,,
heart,heart,UBERON:0000948,atrioventricular junction,atrioventricular region,UBERON:0011820,atrioventricular node,atrioventricular node,UBERON:0002352,,pacemaker cell,cardiac pacemaker cell of sinoatrial node,CL:1000477,,,,,,,,"HCN4, Cx45",HCN4,hyperpolarization activated cyclic nucleotide gated potassium channel 4,HGNC:16882,,GJC1,gap junction protein gamma 1,HGNC:4280,alias Cx45,,,,,,,,,,,,,,,,,
heart,heart,UBERON:0000948,atrioventricular junction,atrioventricular region,UBERON:0011820,atrioventricular node,atrioventricular node,UBERON:0002352,,adipocyte,fat cell,CL:0000136,,,,,,,,"GPAM, LEP, FASN",GPAM,"glycerol-3-phosphate acyltransferase, mitochondrial",HGNC:24865,,LEP,leptin,HGNC:6553,,FASN,fatty acid synthase,HGNC:3594,,,,,,,,,,,,,,
heart,heart,UBERON:0000948,atrioventricular junction,atrioventricular region,UBERON:0011820,right coronary artery,right coronary artery,UBERON:0001625,,endothelial cell,endothelial cell of artery,CL:1000413,,,,,,,,"PECAM1, VWF, CDH5",PECAM1,platelet and endothelial cell adhesion molecule 1,HGNC:8823,,VWF,von Willebrand factor,HGNC:12726,,CDH5,cadherin 5,HGNC:1764,,,,,,,,,,,,,,
heart,heart,UBERON:0000948,atrioventricular junction,atrioventricular region,UBERON:0011820,right coronary artery,right coronary artery,UBERON:0001625,,smooth muscle cell,smooth muscle cell of the coronary artery,CL:0002592,,,,,,,,"MYH11,TAGLN,ACTA2",MYH11,myosin heavy chain 11,HGNC:7569,,TAGLN,transgelin,HGNC:11553,,ACTA2,"actin alpha 2, smooth muscle",HGNC:130,,,,,,,,,,,,,,
heart,heart,UBERON:0000948,atrioventricular junction,atrioventricular region,UBERON:0011820,right coronary artery,right coronary artery,UBERON:0001625,,fibroblast,fibroblast,CL:0000057,,,,,,,,"PDGFRA, GSN, DCN",PDGFRA,platelet derived growth factor receptor alpha,HGNC:8803,,GSN,gelsolin,HGNC:4620,,DCN,decorin,HGNC:2705,,,,,,,,,,,,,,
heart,heart,UBERON:0000948,atrioventricular junction,atrioventricular region,UBERON:0011820,small cardiac vein,small cardiac vein,UBERON:0035374,,endothelial cell,endothelial cell of artery,CL:1000413,,,,,,,,"PECAM1, VWF, CDH5",PECAM1,platelet and endothelial cell adhesion molecule 1,HGNC:8823,,VWF,von Willebrand factor,HGNC:12726,,CDH5,cadherin 5,HGNC:1764,,,,,,,,,,,,,,
heart,heart,UBERON:0000948,atrioventricular junction,atrioventricular region,UBERON:0011820,small cardiac vein,small cardiac vein,UBERON:0035374,,smooth muscle cell,smooth muscle cell of the coronary artery,CL:0002592,,,,,,,,"MYH11,TAGLN,ACTA2",MYH11,myosin heavy chain 11,HGNC:7569,,TAGLN,transgelin,HGNC:11553,,ACTA2,"actin alpha 2, smooth muscle",HGNC:130,,,,,,,,,,,,,,
heart,heart,UBERON:0000948,atrioventricular junction,atrioventricular region,UBERON:0011820,small cardiac vein,small cardiac vein,UBERON:0035374,,fibroblast,fibroblast,CL:0000057,,,,,,,,"PDGFRA, GSN, DCN",PDGFRA,platelet derived growth factor receptor alpha,HGNC:8803,,GSN,gelsolin,HGNC:4620,,DCN,decorin,HGNC:2705,,,,,,,,,,,,,,
heart,heart,UBERON:0000948,left atrium,left cardiac atrium,UBERON:0002079,myocardium,Myocardium of left atrium,FMA:83532,,cardiomyocyte,cardiac muscle cell,CL:0000746,,,,,,,,"NPPA, MYL4, MYL7",NPPA,natriuretic peptide A,HGNC:12403,,MYL4,myosin light chain 4,HGNC:7585,,MYL7,myosin light chain 7,HGNC:21719,,,,,,,,,,,,,,
heart,heart,UBERON:0000948,left atrium,left cardiac atrium,UBERON:0002079,myocardium,Myocardium of left atrium,FMA:83532,,pacemaker cell,cardiac pacemaker cell of sinoatrial node,CL:1000477,,,,,,,,"HCN4, Cx45",HCN4,hyperpolarization activated cyclic nucleotide gated potassium channel 4,HGNC:16882,,GJC1,gap junction protein gamma 1,HGNC:4280,alias Cx45,,,,,,,,,,,,,,,,,
heart,heart,UBERON:0000948,left atrium,left cardiac atrium,UBERON:0002079,myocardium,Myocardium of left atrium,FMA:83532,,fibroblast,cardiac atrium fibroblast,CL:2000067,,,,,,,,"PDGFRA, GSN, DCN",PDGFRA,platelet derived growth factor receptor alpha,HGNC:8803,,GSN,gelsolin,HGNC:4620,,DCN,decorin,HGNC:2705,,,,,,,,,,,,,,
heart,heart,UBERON:0000948,left atrium,left cardiac atrium,UBERON:0002079,myocardium,Myocardium of left atrium,FMA:83532,,macrophage,macrophage,CL:0000235,,,,,,,,"CD14,C1QA,CD68, FOLR2",CD14,CD14 molecule,HGNC:1628,,C1QA,complement C1q A chain,HGNC:1241,,CD68,CD68 molecule,HGNC:1693,,FOLR2,folate receptor beta,HGNC:3793,,,,,,,,,,
heart,heart,UBERON:0000948,left atrium,left cardiac atrium,UBERON:0002079,myocardium,Myocardium of left atrium,FMA:83532,,Schwann Cell,Schwann cell,CL:0002573,,,,,,,,"PLP1, NRXN1, NRXN3",PLP1,proteolipid protein 1,HGNC:9086,,NRXN1,neurexin 1,HGNC:8008,,NRXN3,neurexin 3,HGNC:8010,,,,,,,,,,,,,,
heart,heart,UBERON:0000948,left atrium,left cardiac atrium,UBERON:0002079,myocardium,Myocardium of interventricular septum,FMA:83539,,mast cell,mast cell,CL:0000097,,,,,,,,,,,,,,,,,,,,,,,,,,,,,,,,,
heart,heart,UBERON:0000948,left atrium,left cardiac atrium,UBERON:0002079,myocardium,Myocardium of interventricular septum,FMA:83539,,lymphatic endothelial cell,endothelial cell of lymphatic vessel,CL:0002138,,,,,,,,,,,,,,,,,,,,,,,,,,,,,,,,,
heart,heart,UBERON:0000948,left atrium,left cardiac atrium,UBERON:0002079,myocardium,Myocardium of interventricular septum,FMA:83539,,B lymphocyte,B cell,CL:0000236,,,,,,,,,,,,,,,,,,,,,,,,,,,,,,,,,
heart,heart,UBERON:0000948,left atrium,left cardiac atrium,UBERON:0002079,myocardium,Myocardium of interventricular septum,FMA:83539,,NK/T lymphocyte,immature NK T cell,CL:0000914,,,,,,,,,,,,,,,,,,,,,,,,,,,,,,,,,
heart,heart,UBERON:0000948,left atrium,left cardiac atrium,UBERON:0002079,myocardium,Myocardium of interventricular septum,FMA:83539,,ILC,innate lymphoid cell,CL:0001065,,,,,,,,,,,,,,,,,,,,,,,,,,,,,,,,,
heart,heart,UBERON:0000948,left atrium,left cardiac atrium,UBERON:0002079,myocardium,Myocardium of interventricular septum,FMA:83539,,endocardial,endocardial cell,CL:0002350,,,,,,,,,,,,,,,,,,,,,,,,,,,,,,,,,
heart,heart,UBERON:0000948,left atrium,left cardiac atrium,UBERON:0002079,vasculature,vasculature,UBERON:0002049,,endothelial cell,blood vessel endothelial cell,CL:0000071,,,,,,,,"PECAM1, VWF, CDH5",PECAM1,platelet and endothelial cell adhesion molecule 1,HGNC:8823,,VWF,von Willebrand factor,HGNC:12726,,CDH5,cadherin 5,HGNC:1764,,,,,,,,,,,,,,
heart,heart,UBERON:0000948,left atrium,left cardiac atrium,UBERON:0002079,vasculature,vasculature,UBERON:0002049,,smooth muscle cell,vascular associated smooth muscle cell,CL:0000359,,,,,,,,"MYH11,TAGLN,ACTA2",MYH11,myosin heavy chain 11,HGNC:7569,,TAGLN,transgelin,HGNC:11553,,ACTA2,"actin alpha 2, smooth muscle",HGNC:130,,,,,,,,,,,,,,
heart,heart,UBERON:0000948,left atrium,left cardiac atrium,UBERON:0002079,vasculature,vasculature,UBERON:0002049,,fibroblast,cardiac atrium fibroblast,CL:2000067,,,,,,,,"PDGFRA, GSN, DCN",PDGFRA,platelet derived growth factor receptor alpha,HGNC:8803,,GSN,gelsolin,HGNC:4620,,DCN,decorin,HGNC:2705,,,,,,,,,,,,,,
heart,heart,UBERON:0000948,left atrium,left cardiac atrium,UBERON:0002079,vasculature,capillary,UBERON:0001982,,pericyte,pericyte,CL:0000669,,,,,,,,"RGS5, ABCC9, KCNJ8",RGS5,regulator of G protein signaling 5,HGNC:10001,,ABCC9,ATP binding cassette subfamily C member 9,HGNC:60,,KCNJ8,potassium inwardly rectifying channel subfamily J member 8,HGNC:6269,,,,,,,,,,,,,,
heart,heart,UBERON:0000948,left atrium,left cardiac atrium,UBERON:0002079,vasculature,capillary,UBERON:0001982,,capillary endothelial cell,capillary endothelial cell,CL:0002144,,,,,,,,"PECAM1, VWF, CDH5",PECAM1,platelet and endothelial cell adhesion molecule 1,HGNC:10001,,ABCC9,ATP binding cassette subfamily C member 9,HGNC:60,,KCNJ8,potassium inwardly rectifying channel subfamily J member 8,HGNC:6269,,,,,,,,,,,,,,
heart,heart,UBERON:0000948,left atrium,left cardiac atrium,UBERON:0002079,vasculature,venule,UBERON:0001979,,pericyte,pericyte,CL:0000669,,,,,,,,"RGS5, ABCC9, KCNJ8",RGS5,regulator of G protein signaling 5,HGNC:10001,,ABCC9,ATP binding cassette subfamily C member 9,HGNC:60,,KCNJ8,potassium inwardly rectifying channel subfamily J member 8,HGNC:6269,,,,,,,,,,,,,,
heart,heart,UBERON:0000948,left atrium,left cardiac atrium,UBERON:0002079,left inferior pulmonary vein,left inferior pulmonary vein,FMA:49913,,endothelial cell,blood vessel endothelial cell,CL:0000071,,,,,,,,"PECAM1, VWF, CDH5",PECAM1,platelet and endothelial cell adhesion molecule 1,HGNC:8823,,VWF,von Willebrand factor,HGNC:12726,,CDH5,cadherin 5,HGNC:1764,,,,,,,,,,,,,,
heart,heart,UBERON:0000948,left atrium,left cardiac atrium,UBERON:0002079,left inferior pulmonary vein,left inferior pulmonary vein,FMA:49913,,smooth muscle cell,vascular associated smooth muscle cell,CL:0000359,,,,,,,,"MYH11,TAGLN,ACTA2",MYH11,myosin heavy chain 11,HGNC:7569,,TAGLN,transgelin,HGNC:11553,,ACTA2,"actin alpha 2, smooth muscle",HGNC:130,,,,,,,,,,,,,,
heart,heart,UBERON:0000948,left atrium,left cardiac atrium,UBERON:0002079,left inferior pulmonary vein,left inferior pulmonary vein,FMA:49913,,fibroblast,cardiac atrium fibroblast,CL:2000067,,,,,,,,"PDGFRA, GSN, DCN",PDGFRA,platelet derived growth factor receptor alpha,HGNC:8803,,GSN,gelsolin,HGNC:4620,,DCN,decorin,HGNC:2705,,,,,,,,,,,,,,
heart,heart,UBERON:0000948,left atrium,left cardiac atrium,UBERON:0002079,left superior pulmonary vein,left superior pulmonary vein,FMA:49916,,endothelial cell,blood vessel endothelial cell,CL:0000071,,,,,,,,"PECAM1, VWF, CDH5",PECAM1,platelet and endothelial cell adhesion molecule 1,HGNC:8823,,VWF,von Willebrand factor,HGNC:12726,,CDH5,cadherin 5,HGNC:1764,,,,,,,,,,,,,,
heart,heart,UBERON:0000948,left atrium,left cardiac atrium,UBERON:0002079,left superior pulmonary vein,left superior pulmonary vein,FMA:49916,,smooth muscle cell,vascular associated smooth muscle cell,CL:0000359,,,,,,,,"MYH11,TAGLN,ACTA2",MYH11,myosin heavy chain 11,HGNC:7569,,TAGLN,transgelin,HGNC:11553,,ACTA2,"actin alpha 2, smooth muscle",HGNC:130,,,,,,,,,,,,,,
heart,heart,UBERON:0000948,left atrium,left cardiac atrium,UBERON:0002079,left superior pulmonary vein,left superior pulmonary vein,FMA:49916,,fibroblast,cardiac atrium fibroblast,CL:2000067,,,,,,,,"PDGFRA, GSN, DCN",PDGFRA,platelet derived growth factor receptor alpha,HGNC:8803,,GSN,gelsolin,HGNC:4620,,DCN,decorin,HGNC:2705,,,,,,,,,,,,,,
heart,heart,UBERON:0000948,left atrium,left cardiac atrium,UBERON:0002079,right inferior pulmonary vein,right inferior pulmonary vein,FMA:49911,,endothelial cell,blood vessel endothelial cell,CL:0000071,,,,,,,,"PECAM1, VWF, CDH5",PECAM1,platelet and endothelial cell adhesion molecule 1,HGNC:8823,,VWF,von Willebrand factor,HGNC:12726,,CDH5,cadherin 5,HGNC:1764,,,,,,,,,,,,,,
heart,heart,UBERON:0000948,left atrium,left cardiac atrium,UBERON:0002079,right inferior pulmonary vein,right inferior pulmonary vein,FMA:49911,,smooth muscle cell,vascular associated smooth muscle cell,CL:0000359,,,,,,,,"MYH11,TAGLN,ACTA2",MYH11,myosin heavy chain 11,HGNC:7569,,TAGLN,transgelin,HGNC:11553,,ACTA2,"actin alpha 2, smooth muscle",HGNC:130,,,,,,,,,,,,,,
heart,heart,UBERON:0000948,left atrium,left cardiac atrium,UBERON:0002079,right inferior pulmonary vein,right inferior pulmonary vein,FMA:49911,,fibroblast,cardiac atrium fibroblast,CL:2000067,,,,,,,,"PDGFRA, GSN, DCN",PDGFRA,platelet derived growth factor receptor alpha,HGNC:8803,,GSN,gelsolin,HGNC:4620,,DCN,decorin,HGNC:2705,,,,,,,,,,,,,,
heart,heart,UBERON:0000948,left atrium,left cardiac atrium,UBERON:0002079,right superior pulmonary vein,right superior pulmonary vein,FMA:49914,,endothelial cell,blood vessel endothelial cell,CL:0000071,,,,,,,,"PECAM1, VWF, CDH5",PECAM1,platelet and endothelial cell adhesion molecule 1,HGNC:8823,,VWF,von Willebrand factor,HGNC:12726,,CDH5,cadherin 5,HGNC:1764,,,,,,,,,,,,,,
heart,heart,UBERON:0000948,left atrium,left cardiac atrium,UBERON:0002079,right superior pulmonary vein,right superior pulmonary vein,FMA:49914,,smooth muscle cell,vascular associated smooth muscle cell,CL:0000359,,,,,,,,"MYH11,TAGLN,ACTA2",MYH11,myosin heavy chain 11,HGNC:7569,,TAGLN,transgelin,HGNC:11553,,ACTA2,"actin alpha 2, smooth muscle",HGNC:130,,,,,,,,,,,,,,
heart,heart,UBERON:0000948,left atrium,left cardiac atrium,UBERON:0002079,right superior pulmonary vein,right superior pulmonary vein,FMA:49914,,fibroblast,cardiac atrium fibroblast,CL:2000067,,,,,,,,"PDGFRA, GSN, DCN",PDGFRA,platelet derived growth factor receptor alpha,HGNC:8803,,GSN,gelsolin,HGNC:4620,,DCN,decorin,HGNC:2705,,,,,,,,,,,,,,
heart,heart,UBERON:0000948,left atrium,left cardiac atrium,UBERON:0002079,oblique vein of the left atrium,oblique vein of the left atrium,FMA:4715,,endothelial cell,blood vessel endothelial cell,CL:0000071,,,,,,,,"PECAM1, VWF, CDH5",PECAM1,platelet and endothelial cell adhesion molecule 1,HGNC:8823,,VWF,von Willebrand factor,HGNC:12726,,CDH5,cadherin 5,HGNC:1764,,,,,,,,,,,,,,
heart,heart,UBERON:0000948,left atrium,left cardiac atrium,UBERON:0002079,oblique vein of the left atrium,oblique vein of the left atrium,FMA:4715,,smooth muscle cell,vascular associated smooth muscle cell,CL:0000359,,,,,,,,"MYH11,TAGLN,ACTA2",MYH11,myosin heavy chain 11,HGNC:7569,,TAGLN,transgelin,HGNC:11553,,ACTA2,"actin alpha 2, smooth muscle",HGNC:130,,,,,,,,,,,,,,
heart,heart,UBERON:0000948,left atrium,left cardiac atrium,UBERON:0002079,oblique vein of the left atrium,oblique vein of the left atrium,FMA:4715,,fibroblast,cardiac atrium fibroblast,CL:2000067,,,,,,,,"PDGFRA, GSN, DCN",PDGFRA,platelet derived growth factor receptor alpha,HGNC:8803,,GSN,gelsolin,HGNC:4620,,DCN,decorin,HGNC:2705,,,,,,,,,,,,,,
heart,heart,UBERON:0000948,left atrium,left cardiac atrium,UBERON:0002079,myocardium,Myocardium of left atrium,FMA:83532,,telocyte (interstitial like cell of cajal),telocyte,CL:0017004,,,,,,,,"CD34,vimentin",CD34,CD34 molecule,HGNC:1662,,VIM,vimentin,HGNC:12692,,,,,,,,,,,,,,,,,,
heart,heart,UBERON:0000948,left atrium,left cardiac atrium,UBERON:0002079,myocardium,Myocardium of left atrium,FMA:83532,,lymphocyte,lymphocyte,CL:0000542,,,,,,,,"CD8A,NKG7,LCK",CD8A,CD8 subunit alpha,HGNC:1706,,NKG7,natural killer cell granule protein 7,HGNC:7830,,LCK,"LCK proto-oncogene, Src family tyrosine kinase",HGNC:6524,,,,,,,,,,,,,,
heart,heart,UBERON:0000948,left atrium,left cardiac atrium,UBERON:0002079,myocardium,Myocardium of left atrium,FMA:83532,,dendritic cell,"dendritic cell, human",CL:0001056,,,,,,,,"CD11b, CD11c, CD103, CD205",ITGAM,integrin subunit alpha M,HGNC:6149,alias CD11b,ITGAX,integrin subunit alpha X,HGNC:6152,alias CD11c,ITGAE,integrin subunit alpha E,HGNC:6147,alias CD103,LY75,lymphocyte antigen 75,HGNC:6729,alias CD205,,,,,,,,,
heart,heart,UBERON:0000948,left atrium,left cardiac atrium,UBERON:0002079,myocardium,Myocardium of left atrium,FMA:83532,,adipocyte,fat cell,CL:0000136,,,,,,,,"GPAM, LEP, FASN",GPAM,"glycerol-3-phosphate acyltransferase, mitochondrial",HGNC:24865,,LEP,leptin,HGNC:6553,,FASN,fatty acid synthase,HGNC:3594,,,,,,,,,,,,,,
heart,heart,UBERON:0000948,left ventricle,heart left ventricle,UBERON:0002084,myocardium,left ventricle myocardium,UBERON:0006566,,cardiomyocyte,cardiac muscle cell,CL:0000746,,,,,,,,"TTN, MYH7, MYL2, FHL2",TTN,titin,HGNC:12403,,MYH7,myosin heavy chain 7,HGNC:7577,,MYL2,myosin light chain 2,HGNC:7583,,FHL2,four and a half LIM domains 2,HGNC:3703,,,,,,,,,,
heart,heart,UBERON:0000948,left ventricle,heart left ventricle,UBERON:0002084,myocardium,left ventricle myocardium,UBERON:0006566,,Purkinje fiber cell,Purkinje myocyte,CL:0002068,,,,,,,,,,,,,,,,,,,,,,,,,,,,,,,,,
heart,heart,UBERON:0000948,left ventricle,heart left ventricle,UBERON:0002084,myocardium,left ventricle myocardium,UBERON:0006566,,fibroblast,cardiac ventricle fibroblast,CL:2000066,,,,,,,,"PDGFRA, GSN, DCN",PDGFRA,platelet derived growth factor receptor alpha,HGNC:8803,,GSN,gelsolin,HGNC:4620,,DCN,decorin,HGNC:2705,,,,,,,,,,,,,,
heart,heart,UBERON:0000948,left ventricle,heart left ventricle,UBERON:0002084,myocardium,left ventricle myocardium,UBERON:0006566,,macrophage,macrophage,CL:0000235,,,,,,,,"CD14,C1QA,CD68, FOLR2",CD14,CD14 molecule,HGNC:1628,,C1QA,complement C1q A chain,HGNC:1241,,CD68,CD68 molecule,HGNC:1693,,FOLR2,folate receptor beta,HGNC:3793,,,,,,,,,,
heart,heart,UBERON:0000948,left ventricle,heart left ventricle,UBERON:0002084,vasculature,vasculature,UBERON:0002049,,endothelial cell,blood vessel endothelial cell,CL:0000071,,,,,,,,"PECAM1, VWF, CDH5",PECAM1,platelet and endothelial cell adhesion molecule 1,HGNC:8823,,VWF,von Willebrand factor,HGNC:12726,,CDH5,cadherin 5,HGNC:1764,,,,,,,,,,,,,,
heart,heart,UBERON:0000948,left ventricle,heart left ventricle,UBERON:0002084,vasculature,vasculature,UBERON:0002049,,smooth muscle cell,vascular associated smooth muscle cell,CL:0000359,,,,,,,,"MYH11,TAGLN,ACTA2",MYH11,myosin heavy chain 11,HGNC:7569,,TAGLN,transgelin,HGNC:11553,,ACTA2,"actin alpha 2, smooth muscle",HGNC:130,,,,,,,,,,,,,,
heart,heart,UBERON:0000948,left ventricle,heart left ventricle,UBERON:0002084,vasculature,vasculature,UBERON:0002049,,fibroblast,cardiac ventricle fibroblast,CL:2000066,,,,,,,,"PDGFRA, GSN",PDGFRA,platelet derived growth factor receptor alpha,HGNC:8803,,GSN,gelsolin,HGNC:4620,,,,,,,,,,,,,,,,,,
heart,heart,UBERON:0000948,left ventricle,heart left ventricle,UBERON:0002084,vasculature,capillary,UBERON:0001982,,capillary endothelial cell,capillary endothelial cell,CL:0002144,,,,,,,,"PECAM1, VWF, CDH5",PECAM1,platelet and endothelial cell adhesion molecule 1,HGNC:10001,,ABCC9,ATP binding cassette subfamily C member 9,HGNC:60,,KCNJ8,potassium inwardly rectifying channel subfamily J member 8,HGNC:6269,,,,,,,,,,,,,,
heart,heart,UBERON:0000948,left ventricle,heart left ventricle,UBERON:0002084,vasculature,capillary,UBERON:0001982,,pericyte,pericyte,CL:0000669,,,,,,,,"RGS5, ABCC9, KCNJ8",RGS5,regulator of G protein signaling 5,HGNC:10001,,ABCC9,ATP binding cassette subfamily C member 9,HGNC:60,,KCNJ8,potassium inwardly rectifying channel subfamily J member 8,HGNC:6269,,,,,,,,,,,,,,
heart,heart,UBERON:0000948,left ventricle,heart left ventricle,UBERON:0002084,vasculature,venule,UBERON:0001979,,pericyte,pericyte,CL:0000669,,,,,,,,"RGS5, ABCC9, KCNJ8",RGS5,regulator of G protein signaling 5,HGNC:10001,,ABCC9,ATP binding cassette subfamily C member 9,HGNC:60,,KCNJ8,potassium inwardly rectifying channel subfamily J member 8,HGNC:6269,,,,,,,,,,,,,,
heart,heart,UBERON:0000948,left ventricle,heart left ventricle,UBERON:0002084,myocardium,left ventricle myocardium,UBERON:0006566,,telocyte (interstitial like cell of cajal),telocyte,CL:0017004,,,,,,,,"CD34,vimentin",CD34,CD34 molecule,HGNC:1662,,VIM,vimentin,HGNC:12692,,,,,,,,,,,,,,,,,,
heart,heart,UBERON:0000948,left ventricle,heart left ventricle,UBERON:0002084,myocardium,left ventricle myocardium,UBERON:0006566,,dendritic cell,"dendritic cell, human",CL:0001056,,,,,,,,"CD11b, CD11c, CD103, CD205",ITGAM,integrin subunit alpha M,HGNC:6149,alias CD11b,ITGAX,integrin subunit alpha X,HGNC:6152,alias CD11c,ITGAE,integrin subunit alpha E,HGNC:6147,alias CD103,LY75,lymphocyte antigen 75,HGNC:6729,alias CD205,,,,,,,,,
heart,heart,UBERON:0000948,left ventricle,heart left ventricle,UBERON:0002084,myocardium,left ventricle myocardium,UBERON:0006566,,adipocyte,fat cell,CL:0000136,,,,,,,,"GPAM, LEP, FASN",GPAM,"glycerol-3-phosphate acyltransferase, mitochondrial",HGNC:24865,,LEP,leptin,HGNC:6553,,FASN,fatty acid synthase,HGNC:3594,,,,,,,,,,,,,,
heart,heart,UBERON:0000948,left ventricle,heart left ventricle,UBERON:0002084,myocardium,left ventricle myocardium,UBERON:0006566,,mast cell,mast cell ,CL:0000097,,,,,,,,,,,,,,,,,,,,,,,,,,,,,,,,,
heart,heart,UBERON:0000948,left ventricle,heart left ventricle,UBERON:0002084,myocardium,left ventricle myocardium,UBERON:0006566,,lymphatic endothelial cell,endothelial cell of lymphatic vessel,CL:0002138,,,,,,,,,,,,,,,,,,,,,,,,,,,,,,,,,
heart,heart,UBERON:0000948,left ventricle,heart left ventricle,UBERON:0002084,myocardium,left ventricle myocardium,UBERON:0006566,,B lymphocyte,B cell,CL:0000236,,,,,,,,,,,,,,,,,,,,,,,,,,,,,,,,,
heart,heart,UBERON:0000948,left ventricle,heart left ventricle,UBERON:0002084,myocardium,left ventricle myocardium,UBERON:0006566,,NK/T lymphocyte,immature NK T cell,CL:0000914,,,,,,,,,,,,,,,,,,,,,,,,,,,,,,,,,
heart,heart,UBERON:0000948,left ventricle,heart left ventricle,UBERON:0002084,myocardium,left ventricle myocardium,UBERON:0006566,,ILC,innate lymphoid cell,CL:0001065,,,,,,,,,,,,,,,,,,,,,,,,,,,,,,,,,
heart,heart,UBERON:0000948,left ventricle,heart left ventricle,UBERON:0002084,myocardium,left ventricle myocardium,UBERON:0006566,,endocardial,endocardial cell,CL:0002350,,,,,,,,,,,,,,,,,,,,,,,,,,,,,,,,,
heart,heart,UBERON:0000948,left ventricle,heart left ventricle,UBERON:0002084,left diagonal branch of the left anterior descending artery,Diagonal branch of anterior descending branch of left coronary artery,FMA:3860,,endothelial cell,endothelial cell of artery,CL:1000413,,,,,,,,"PECAM1, VWF, CDH5",PECAM1,platelet and endothelial cell adhesion molecule 1,HGNC:8823,,VWF,von Willebrand factor,HGNC:12726,,CDH5,cadherin 5,HGNC:1764,,,,,,,,,,,,,,
heart,heart,UBERON:0000948,left ventricle,heart left ventricle,UBERON:0002084,left diagonal branch of the left anterior descending artery,Diagonal branch of anterior descending branch of left coronary artery,FMA:3860,,smooth muscle cell,blood vessel endothelial cell,CL:0000071,,,,,,,,"MYH11,TAGLN,ACTA2",MYH11,myosin heavy chain 11,HGNC:7569,,TAGLN,transgelin,HGNC:11553,,ACTA2,"actin alpha 2, smooth muscle",HGNC:130,,,,,,,,,,,,,,
heart,heart,UBERON:0000948,left ventricle,heart left ventricle,UBERON:0002084,left diagonal branch of the left anterior descending artery,Diagonal branch of anterior descending branch of left coronary artery,FMA:3860,,fibroblast,fibroblast,CL:0000057,,,,,,,,"PDGFRA, GSN, DCN",PDGFRA,platelet derived growth factor receptor alpha,HGNC:8803,,GSN,gelsolin,HGNC:4620,,DCN,decorin,HGNC:2705,,,,,,,,,,,,,,
heart,heart,UBERON:0000948,left ventricle,heart left ventricle,UBERON:0002084,left obtuse marginal branch of the left coronary artery,Left marginal artery,FMA:3902,,endothelial cell,endothelial cell of artery,CL:1000413,,,,,,,,"PECAM1, VWF, CDH5",PECAM1,platelet and endothelial cell adhesion molecule 1,HGNC:8823,,VWF,von Willebrand factor,HGNC:12726,,CDH5,cadherin 5,HGNC:1764,,,,,,,,,,,,,,
heart,heart,UBERON:0000948,left ventricle,heart left ventricle,UBERON:0002084,left obtuse marginal branch of the left coronary artery,Left marginal artery,FMA:3902,,smooth muscle cell,blood vessel endothelial cell,CL:0000071,,,,,,,,"MYH11,TAGLN,ACTA2",MYH11,myosin heavy chain 11,HGNC:7569,,TAGLN,transgelin,HGNC:11553,,ACTA2,"actin alpha 2, smooth muscle",HGNC:130,,,,,,,,,,,,,,
heart,heart,UBERON:0000948,left ventricle,heart left ventricle,UBERON:0002084,left obtuse marginal branch of the left coronary artery,Left marginal artery,FMA:3902,,fibroblast,fibroblast,CL:0000057,,,,,,,,"PDGFRA, GSN, DCN",PDGFRA,platelet derived growth factor receptor alpha,HGNC:8803,,GSN,gelsolin,HGNC:4620,,DCN,decorin,HGNC:2705,,,,,,,,,,,,,,
heart,heart,UBERON:0000948,left ventricle,heart left ventricle,UBERON:0002084,posterior left ventricular branch of the right coronary artery,Posterior ventricular branch of right coronary artery,FMA:3835,,endothelial cell,endothelial cell of artery,CL:1000413,,,,,,,,"PECAM1, VWF, CDH5",PECAM1,platelet and endothelial cell adhesion molecule 1,HGNC:8823,,VWF,von Willebrand factor,HGNC:12726,,CDH5,cadherin 5,HGNC:1764,,,,,,,,,,,,,,
heart,heart,UBERON:0000948,left ventricle,heart left ventricle,UBERON:0002084,posterior left ventricular branch of the right coronary artery,Posterior ventricular branch of right coronary artery,FMA:3835,,smooth muscle cell,blood vessel endothelial cell,CL:0000071,,,,,,,,"MYH11,TAGLN,ACTA2",MYH11,myosin heavy chain 11,HGNC:7569,,TAGLN,transgelin,HGNC:11553,,ACTA2,"actin alpha 2, smooth muscle",HGNC:130,,,,,,,,,,,,,,
heart,heart,UBERON:0000948,left ventricle,heart left ventricle,UBERON:0002084,posterior left ventricular branch of the right coronary artery,Posterior ventricular branch of right coronary artery,FMA:3835,,fibroblast,fibroblast,CL:0000057,,,,,,,,"PDGFRA, GSN, DCN",PDGFRA,platelet derived growth factor receptor alpha,HGNC:8803,,GSN,gelsolin,HGNC:4620,,DCN,decorin,HGNC:2705,,,,,,,,,,,,,,
heart,heart,UBERON:0000948,left ventricle,heart left ventricle,UBERON:0002084,left marginal vein,left marginal vein,FMA:4708,,endothelial cell,endothelial cell of artery,CL:1000413,,,,,,,,"PECAM1, VWF, CDH5",PECAM1,platelet and endothelial cell adhesion molecule 1,HGNC:8823,,VWF,von Willebrand factor,HGNC:12726,,CDH5,cadherin 5,HGNC:1764,,,,,,,,,,,,,,
heart,heart,UBERON:0000948,left ventricle,heart left ventricle,UBERON:0002084,left marginal vein,left marginal vein,FMA:4708,,smooth muscle cell,blood vessel endothelial cell,CL:0000071,,,,,,,,"MYH11,TAGLN,ACTA2",MYH11,myosin heavy chain 11,HGNC:7569,,TAGLN,transgelin,HGNC:11553,,ACTA2,"actin alpha 2, smooth muscle",HGNC:130,,,,,,,,,,,,,,
heart,heart,UBERON:0000948,left ventricle,heart left ventricle,UBERON:0002084,left marginal vein,left marginal vein,FMA:4708,,fibroblast,fibroblast,CL:0000057,,,,,,,,"PDGFRA, GSN, DCN",PDGFRA,platelet derived growth factor receptor alpha,HGNC:8803,,GSN,gelsolin,HGNC:4620,,DCN,decorin,HGNC:2705,,,,,,,,,,,,,,
heart,heart,UBERON:0000948,left ventricle,heart left ventricle,UBERON:0002084,posterior vein of the left ventricle,Posterior vein of left ventricle,FMA:4712,,endothelial cell,endothelial cell of artery,CL:1000413,,,,,,,,"PECAM1, VWF, CDH5",PECAM1,platelet and endothelial cell adhesion molecule 1,HGNC:8823,,VWF,von Willebrand factor,HGNC:12726,,CDH5,cadherin 5,HGNC:1764,,,,,,,,,,,,,,
heart,heart,UBERON:0000948,left ventricle,heart left ventricle,UBERON:0002084,posterior vein of the left ventricle,Posterior vein of left ventricle,FMA:4712,,smooth muscle cell,blood vessel endothelial cell,CL:0000071,,,,,,,,"MYH11,TAGLN,ACTA2",MYH11,myosin heavy chain 11,HGNC:7569,,TAGLN,transgelin,HGNC:11553,,ACTA2,"actin alpha 2, smooth muscle",HGNC:130,,,,,,,,,,,,,,
heart,heart,UBERON:0000948,left ventricle,heart left ventricle,UBERON:0002084,posterior vein of the left ventricle,Posterior vein of left ventricle,FMA:4712,,fibroblast,fibroblast,CL:0000057,,,,,,,,"PDGFRA, GSN, DCN",PDGFRA,platelet derived growth factor receptor alpha,HGNC:8803,,GSN,gelsolin,HGNC:4620,,DCN,decorin,HGNC:2705,,,,,,,,,,,,,,
heart,heart,UBERON:0000948,septum,interventricular septum,UBERON:0002094,left anterior descending artery,left anterior descending artery,FMA:3862,,endothelial cell,endothelial cell of artery,CL:1000413,,,,,,,,"PECAM1, VWF, CDH5",PECAM1,platelet and endothelial cell adhesion molecule 1,HGNC:8823,,VWF,von Willebrand factor,HGNC:12726,,CDH5,cadherin 5,HGNC:1764,,,,,,,,,,,,,,
heart,heart,UBERON:0000948,septum,interventricular septum,UBERON:0002094,left anterior descending artery,left anterior descending artery,FMA:3862,,smooth muscle cell,blood vessel endothelial cell,CL:0000071,,,,,,,,"MYH11,TAGLN,ACTA2",MYH11,myosin heavy chain 11,HGNC:7569,,TAGLN,transgelin,HGNC:11553,,ACTA2,"actin alpha 2, smooth muscle",HGNC:130,,,,,,,,,,,,,,
heart,heart,UBERON:0000948,septum,interventricular septum,UBERON:0002094,left anterior descending artery,left anterior descending artery,FMA:3862,,fibroblast,fibroblast,CL:0000057,,,,,,,,"PDGFRA, GSN, DCN",PDGFRA,platelet derived growth factor receptor alpha,HGNC:8803,,GSN,gelsolin,HGNC:4620,,DCN,decorin,HGNC:2705,,,,,,,,,,,,,,
heart,heart,UBERON:0000948,septum,interventricular septum,UBERON:0002094,posterior descending artery,posterior descending artery,FMA:3840,,endothelial cell,endothelial cell of artery,CL:1000413,,,,,,,,"PECAM1, VWF, CDH5",PECAM1,platelet and endothelial cell adhesion molecule 1,HGNC:8823,,VWF,von Willebrand factor,HGNC:12726,,CDH5,cadherin 5,HGNC:1764,,,,,,,,,,,,,,
heart,heart,UBERON:0000948,septum,interventricular septum,UBERON:0002094,posterior descending artery,posterior descending artery,FMA:3840,,smooth muscle cell,blood vessel endothelial cell,CL:0000071,,,,,,,,"MYH11,TAGLN,ACTA2",MYH11,myosin heavy chain 11,HGNC:7569,,TAGLN,transgelin,HGNC:11553,,ACTA2,"actin alpha 2, smooth muscle",HGNC:130,,,,,,,,,,,,,,
heart,heart,UBERON:0000948,septum,interventricular septum,UBERON:0002094,posterior descending artery,posterior descending artery,FMA:3840,,fibroblast,fibroblast,CL:0000057,,,,,,,,"PDGFRA, GSN, DCN",PDGFRA,platelet derived growth factor receptor alpha,HGNC:8803,,GSN,gelsolin,HGNC:4620,,DCN,decorin,HGNC:2705,,,,,,,,,,,,,,
heart,heart,UBERON:0000948,septum,interventricular septum,UBERON:0002094,septal perforating arteries,,,Need to add blood vasculature table & uberon,endothelial cell,endothelial cell of artery,CL:1000413,,,,,,,,"PECAM1, VWF, CDH5",PECAM1,platelet and endothelial cell adhesion molecule 1,HGNC:8823,,VWF,von Willebrand factor,HGNC:12726,,CDH5,cadherin 5,HGNC:1764,,,,,,,,,,,,,,
heart,heart,UBERON:0000948,septum,interventricular septum,UBERON:0002094,septal perforating arteries,,,Need to add blood vasculature table & uberon,smooth muscle cell,blood vessel endothelial cell,CL:0000071,,,,,,,,"MYH11,TAGLN,ACTA2",MYH11,myosin heavy chain 11,HGNC:7569,,TAGLN,transgelin,HGNC:11553,,ACTA2,"actin alpha 2, smooth muscle",HGNC:130,,,,,,,,,,,,,,
heart,heart,UBERON:0000948,septum,interventricular septum,UBERON:0002094,septal perforating arteries,,,Need to add blood vasculature table & uberon,fibroblast,fibroblast,CL:0000057,,,,,,,,"PDGFRA, GSN, DCN",PDGFRA,platelet derived growth factor receptor alpha,HGNC:8803,,GSN,gelsolin,HGNC:4620,,DCN,decorin,HGNC:2705,,,,,,,,,,,,,,
heart,heart,UBERON:0000948,septum,interventricular septum,UBERON:0002094,great cardiac vein,great vein of heart,UBERON:0006958,,endothelial cell,endothelial cell of artery,CL:1000413,,,,,,,,"PECAM1, VWF, CDH5",PECAM1,platelet and endothelial cell adhesion molecule 1,HGNC:8823,,VWF,von Willebrand factor,HGNC:12726,,CDH5,cadherin 5,HGNC:1764,,,,,,,,,,,,,,
heart,heart,UBERON:0000948,septum,interventricular septum,UBERON:0002094,great cardiac vein,great vein of heart,UBERON:0006958,,smooth muscle cell,blood vessel endothelial cell,CL:0000071,,,,,,,,"MYH11,TAGLN,ACTA2",MYH11,myosin heavy chain 11,HGNC:7569,,TAGLN,transgelin,HGNC:11553,,ACTA2,"actin alpha 2, smooth muscle",HGNC:130,,,,,,,,,,,,,,
heart,heart,UBERON:0000948,septum,interventricular septum,UBERON:0002094,great cardiac vein,great vein of heart,UBERON:0006958,,fibroblast,fibroblast,CL:0000057,,,,,,,,"PDGFRA, GSN, DCN",PDGFRA,platelet derived growth factor receptor alpha,HGNC:8803,,GSN,gelsolin,HGNC:4620,,DCN,decorin,HGNC:2705,,,,,,,,,,,,,,
heart,heart,UBERON:0000948,septum,interventricular septum,UBERON:0002094,middle cardiac vein,middle cardiac vein,UBERON:0009687,,endothelial cell,endothelial cell of artery,CL:1000413,,,,,,,,"PECAM1, VWF, CDH5",PECAM1,platelet and endothelial cell adhesion molecule 1,HGNC:8823,,VWF,von Willebrand factor,HGNC:12726,,CDH5,cadherin 5,HGNC:1764,,,,,,,,,,,,,,
heart,heart,UBERON:0000948,septum,interventricular septum,UBERON:0002094,middle cardiac vein,middle cardiac vein,UBERON:0009687,,smooth muscle cell,blood vessel endothelial cell,CL:0000071,,,,,,,,"MYH11,TAGLN,ACTA2",MYH11,myosin heavy chain 11,HGNC:7569,,TAGLN,transgelin,HGNC:11553,,ACTA2,"actin alpha 2, smooth muscle",HGNC:130,,,,,,,,,,,,,,
heart,heart,UBERON:0000948,septum,interventricular septum,UBERON:0002094,middle cardiac vein,middle cardiac vein,UBERON:0009687,,fibroblast,fibroblast,CL:0000057,,,,,,,,"PDGFRA, GSN, DCN",PDGFRA,platelet derived growth factor receptor alpha,HGNC:8803,,GSN,gelsolin,HGNC:4620,,,,HGNC:2705,,,,,,,,,,,,,,
heart,heart,UBERON:0000948,septum,interventricular septum,UBERON:0002094,vasculature,capillary,UBERON:0001982,,pericyte,pericyte,CL:0000669,,,,,,,,"RGS5, ABCC9, KCNJ8",RGS5,regulator of G protein signaling 5,HGNC:10001,,ABCC9,ATP binding cassette subfamily C member 9,HGNC:60,,KCNJ8,potassium inwardly rectifying channel subfamily J member 8,HGNC:6269,,,,,,,,,,,,,,
heart,heart,UBERON:0000948,septum,interventricular septum,UBERON:0002094,vasculature,capillary,UBERON:0001982,,capillary endothelial cell,capillary endothelial cell,CL:0002144,,,,,,,,"PECAM1, VWF, CDH5",PECAM1,platelet and endothelial cell adhesion molecule 1,HGNC:10001,,ABCC9,ATP binding cassette subfamily C member 9,HGNC:60,,KCNJ8,potassium inwardly rectifying channel subfamily J member 8,HGNC:6269,,,,,,,,,,,,,,
heart,heart,UBERON:0000948,septum,interventricular septum,UBERON:0002094,vasculature,venule,UBERON:0001979,,pericyte,pericyte,CL:0000669,,,,,,,,"RGS5, ABCC9, KCNJ8",RGS5,regulator of G protein signaling 5,HGNC:10001,,ABCC9,ATP binding cassette subfamily C member 9,HGNC:60,,KCNJ8,potassium inwardly rectifying channel subfamily J member 8,HGNC:6269,,,,,,,,,,,,,,
heart,heart,UBERON:0000948,septum,interventricular septum,UBERON:0002094,atrioventricular bundle,bundle of His,UBERON:0002353,,pacemaker cardiomyocyte,cardiac pacemaker cell of sinoatrial node,CL:1000477,,,,,,,,"HCN4, Cx45",HCN4,hyperpolarization activated cyclic nucleotide gated potassium channel 4,HGNC:16882,,GJC1,gap junction protein gamma 1,HGNC:4280,,,,,,,,,,,,,,,,,,
heart,heart,UBERON:0000948,septum,interventricular septum,UBERON:0002094,myocardium,Myocardium of interventricular septum,FMA:83539,,cardiomyocyte,cardiac muscle cell,CL:0000746,,,,,,,,"TTN, MYH7, MYL2, FHL2",TTN,titin,HGNC:12403,,MYH7,myosin heavy chain 7,HGNC:7577,,MYL2,myosin light chain 2,HGNC:7583,,FHL2,four and a half LIM domains 2,HGNC:3703,,,,,,,,,,
heart,heart,UBERON:0000948,septum,interventricular septum,UBERON:0002094,myocardium,Myocardium of interventricular septum,FMA:83539,,Purkinje fiber cell,Purkinje myocyte,CL:0002068,,,,,,,,,,,,,,,,,,,,,,,,,,,,,,,,,
heart,heart,UBERON:0000948,septum,interventricular septum,UBERON:0002094,myocardium,Myocardium of interventricular septum,FMA:83539,,fibroblast,fibroblast,CL:0000057,,,,,,,,"PDGFRA, GSN, DCN",PDGFRA,platelet derived growth factor receptor alpha,HGNC:8803,,GSN,gelsolin,HGNC:4620,,DCN,decorin,HGNC:2705,,,,,,,,,,,,,,
heart,heart,UBERON:0000948,septum,interventricular septum,UBERON:0002094,myocardium,Myocardium of interventricular septum,FMA:83539,,macrophage,macrophage,CL:0000235,,,,,,,,"CD14,C1QA,CD68, FOLR2",CD14,CD14 molecule,HGNC:1628,,C1QA,complement C1q A chain,HGNC:1241,,CD68,CD68 molecule,HGNC:1693,,FOLR2,folate receptor beta,HGNC:3793,,,,,,,,,,
heart,heart,UBERON:0000948,septum,interventricular septum,UBERON:0002094,myocardium,Myocardium of interventricular septum,FMA:83539,,telocyte (interstitial like cell of cajal),telocyte,CL:0017004,,,,,,,,"CD34,vimentin",CD34,CD34 molecule,HGNC:1662,,VIM,vimentin,HGNC:12692,,,,,,,,,,,,,,,,,,
heart,heart,UBERON:0000948,septum,interventricular septum,UBERON:0002094,myocardium,Myocardium of interventricular septum,FMA:83539,,lymphocyte,lymphocyte,CL:0000542,,,,,,,,"CD8A,NKG7,LCK",CD8A,CD8 subunit alpha,HGNC:1706,,NKG7,natural killer cell granule protein 7,HGNC:7830,,LCK,"LCK proto-oncogene, Src family tyrosine kinase",HGNC:6524,,,,,,,,,,,,,,
heart,heart,UBERON:0000948,septum,interventricular septum,UBERON:0002094,myocardium,Myocardium of interventricular septum,FMA:83539,,dendritic cell,"dendritic cell, human",CL:0001056,,,,,,,,"CD11b, CD11c, CD103, CD205",ITGAM,integrin subunit alpha M,HGNC:6149,alias CD11b,ITGAX,integrin subunit alpha X,HGNC:6152,alias CD11c,ITGAE,integrin subunit alpha E,HGNC:6147,alias CD103,LY75,lymphocyte antigen 75,HGNC:6729,alias CD205,,,,,,,,,
heart,heart,UBERON:0000948,septum,interventricular septum,UBERON:0002094,myocardium,Myocardium of interventricular septum,FMA:83539,,adipocyte,adipocyte,CL:0000136,,,,,,,,"GPAM, LEP, FASN",GPAM,"glycerol-3-phosphate acyltransferase, mitochondrial",HGNC:24865,,LEP,leptin,HGNC:6553,,FASN,fatty acid synthase,HGNC:3594,,,,,,,,,,,,,,
heart,heart,UBERON:0000948,septum,interventricular septum,UBERON:0002094,myocardium,Myocardium of interventricular septum,FMA:83539,,mast cell,mast cell ,CL:0000097,,,,,,,,,,,,,,,,,,,,,,,,,,,,,,,,,
heart,heart,UBERON:0000948,septum,interventricular septum,UBERON:0002094,myocardium,Myocardium of interventricular septum,FMA:83539,,lymphatic endothelial cell,endothelial cell of lymphatic vessel,CL:0002138,,,,,,,,,,,,,,,,,,,,,,,,,,,,,,,,,
heart,heart,UBERON:0000948,septum,interventricular septum,UBERON:0002094,myocardium,Myocardium of interventricular septum,FMA:83539,,B lymphocyte,B cell,CL:0000236,,,,,,,,,,,,,,,,,,,,,,,,,,,,,,,,,
heart,heart,UBERON:0000948,septum,interventricular septum,UBERON:0002094,myocardium,Myocardium of interventricular septum,FMA:83539,,NK/T lymphocyte,immature NK T cell,CL:0000914,,,,,,,,,,,,,,,,,,,,,,,,,,,,,,,,,
heart,heart,UBERON:0000948,septum,interventricular septum,UBERON:0002094,myocardium,Myocardium of interventricular septum,FMA:83539,,ILC,innate lymphoid cell,CL:0001065,,,,,,,,,,,,,,,,,,,,,,,,,,,,,,,,,
heart,heart,UBERON:0000948,septum,interventricular septum,UBERON:0002094,myocardium,Myocardium of interventricular septum,FMA:83539,,endocardial,endocardial cell,CL:0002350,,,,,,,,,,,,,,,,,,,,,,,,,,,,,,,,,
heart,heart,UBERON:0000948,right ventricle,heart right ventricle,UBERON:0002080,myocardium,right ventricle myocardium,UBERON:0006567,,mast cell,mast cell ,CL:0000097,,,,,,,,,,,,,,,,,,,,,,,,,,,,,,,,,
heart,heart,UBERON:0000948,right ventricle,heart right ventricle,UBERON:0002080,myocardium,right ventricle myocardium,UBERON:0006567,,lymphatic endothelial cell,endothelial cell of lymphatic vessel,CL:0002138,,,,,,,,,,,,,,,,,,,,,,,,,,,,,,,,,
heart,heart,UBERON:0000948,right ventricle,heart right ventricle,UBERON:0002080,myocardium,right ventricle myocardium,UBERON:0006567,,B lymphocyte,B cell,CL:0000236,,,,,,,,,,,,,,,,,,,,,,,,,,,,,,,,,
heart,heart,UBERON:0000948,right ventricle,heart right ventricle,UBERON:0002080,myocardium,right ventricle myocardium,UBERON:0006567,,NK/T lymphocyte,immature NK T cell,CL:0000914,,,,,,,,,,,,,,,,,,,,,,,,,,,,,,,,,
heart,heart,UBERON:0000948,right ventricle,heart right ventricle,UBERON:0002080,myocardium,right ventricle myocardium,UBERON:0006567,,ILC,innate lymphoid cell,CL:0001065,,,,,,,,,,,,,,,,,,,,,,,,,,,,,,,,,
heart,heart,UBERON:0000948,right ventricle,heart right ventricle,UBERON:0002080,myocardium,right ventricle myocardium,UBERON:0006567,,endocardial,endocardial cell,CL:0002350,,,,,,,,,,,,,,,,,,,,,,,,,,,,,,,,,
heart,heart,UBERON:0000948,right ventricle,heart right ventricle,UBERON:0002080,myocardium,right ventricle myocardium,UBERON:0006567,,cardiomyocyte,cardiac muscle cell,CL:0000746,,,,,,,,"TTN, MYH7, MYL2, FHL2",TTN,titin,HGNC:12403,,MYH7,myosin heavy chain 7,HGNC:7577,,MYL2,myosin light chain 2,HGNC:7583,,FHL2,four and a half LIM domains 2,HGNC:3703,,,,,,,,,,
heart,heart,UBERON:0000948,right ventricle,heart right ventricle,UBERON:0002080,myocardium,right ventricle myocardium,UBERON:0006567,,Purkinje fiber cell,Purkinje myocyte,CL:0002068,,,,,,,,,,,,,,,,,,,,,,,,,,,,,,,,,
heart,heart,UBERON:0000948,right ventricle,heart right ventricle,UBERON:0002080,myocardium,right ventricle myocardium,UBERON:0006567,,fibroblast,cardiac ventricle fibroblast,CL:2000066,,,,,,,,"PDGFRA, GSN, DCN",PDGFRA,platelet derived growth factor receptor alpha,HGNC:8803,,GSN,gelsolin,HGNC:4620,,DCN,decorin,HGNC:2705,,,,,,,,,,,,,,
heart,heart,UBERON:0000948,right ventricle,heart right ventricle,UBERON:0002080,myocardium,right ventricle myocardium,UBERON:0006567,,macrophage,macrophage,CL:0000235,,,,,,,,"CD14,C1QA,CD68, FOLR2",CD14,CD14 molecule,HGNC:1628,,C1QA,complement C1q A chain,HGNC:1241,,CD68,CD68 molecule,HGNC:1693,,FOLR2,folate receptor beta,HGNC:3793,,,,,,,,,,
heart,heart,UBERON:0000948,right ventricle,heart right ventricle,UBERON:0002080,conus artery,conus artery,FMA:15736,,endothelial cell,endothelial cell of artery,CL:1000413,,,,,,,,"PECAM1, VWF, CDH5",PECAM1,platelet and endothelial cell adhesion molecule 1,HGNC:8823,,VWF,von Willebrand factor,HGNC:12726,,CDH5,cadherin 5,HGNC:1764,,,,,,,,,,,,,,
heart,heart,UBERON:0000948,right ventricle,heart right ventricle,UBERON:0002080,conus artery,conus artery,FMA:15736,,smooth muscle cell,blood vessel endothelial cell,CL:0000071,,,,,,,,"MYH11,TAGLN,ACTA2",MYH11,myosin heavy chain 11,HGNC:7569,,TAGLN,transgelin,HGNC:11553,,ACTA2,"actin alpha 2, smooth muscle",HGNC:130,,,,,,,,,,,,,,
heart,heart,UBERON:0000948,right ventricle,heart right ventricle,UBERON:0002080,conus artery,conus artery,FMA:15736,,fibroblast,fibroblast,CL:0000057,,,,,,,,"PDGFRA, GSN, DCN",PDGFRA,platelet derived growth factor receptor alpha,HGNC:8803,,GSN,gelsolin,HGNC:4620,,DCN,decorin,HGNC:2705,,,,,,,,,,,,,,
heart,heart,UBERON:0000948,right ventricle,heart right ventricle,UBERON:0002080,right marginal artery,right marginal artery,FMA:3818,,endothelial cell,endothelial cell of artery,CL:1000413,,,,,,,,"PECAM1, VWF, CDH5",PECAM1,platelet and endothelial cell adhesion molecule 1,HGNC:8823,,VWF,von Willebrand factor,HGNC:12726,,CDH5,cadherin 5,HGNC:1764,,,,,,,,,,,,,,
heart,heart,UBERON:0000948,right ventricle,heart right ventricle,UBERON:0002080,right marginal artery,right marginal artery,FMA:3818,,smooth muscle cell,blood vessel endothelial cell,CL:0000071,,,,,,,,"MYH11,TAGLN,ACTA2",MYH11,myosin heavy chain 11,HGNC:7569,,TAGLN,transgelin,HGNC:11553,,ACTA2,"actin alpha 2, smooth muscle",HGNC:130,,,,,,,,,,,,,,
heart,heart,UBERON:0000948,right ventricle,heart right ventricle,UBERON:0002080,right marginal artery,right marginal artery,FMA:3818,,fibroblast,fibroblast,CL:0000057,,,,,,,,"PDGFRA, GSN, DCN",PDGFRA,platelet derived growth factor receptor alpha,HGNC:8803,,GSN,gelsolin,HGNC:4620,,DCN,decorin,HGNC:2705,,,,,,,,,,,,,,
heart,heart,UBERON:0000948,right ventricle,heart right ventricle,UBERON:0002080,anterior cardiac veins,Anterior cardiac vein,FMA:76767,,endothelial cell,endothelial cell of artery,CL:1000413,,,,,,,,"PECAM1, VWF, CDH5",PECAM1,platelet and endothelial cell adhesion molecule 1,HGNC:8823,,VWF,von Willebrand factor,HGNC:12726,,CDH5,cadherin 5,HGNC:1764,,,,,,,,,,,,,,
heart,heart,UBERON:0000948,right ventricle,heart right ventricle,UBERON:0002080,anterior cardiac veins,Anterior cardiac vein,FMA:76767,,smooth muscle cell,blood vessel endothelial cell,CL:0000071,,,,,,,,"MYH11,TAGLN,ACTA2",MYH11,myosin heavy chain 11,HGNC:7569,,TAGLN,transgelin,HGNC:11553,,ACTA2,"actin alpha 2, smooth muscle",HGNC:130,,,,,,,,,,,,,,
heart,heart,UBERON:0000948,right ventricle,heart right ventricle,UBERON:0002080,anterior cardiac veins,Anterior cardiac vein,FMA:76767,,fibroblast,fibroblast,CL:0000057,,,,,,,,"PDGFRA, GSN, DCN",PDGFRA,platelet derived growth factor receptor alpha,HGNC:8803,,GSN,gelsolin,HGNC:4620,,DCN,decorin,HGNC:2705,,,,,,,,,,,,,,
heart,heart,UBERON:0000948,right ventricle,heart right ventricle,UBERON:0002080,vasculature,vasculature,UBERON:0002049,,endothelial cell,blood vessel endothelial cell,CL:0000071,,,,,,,,"PECAM1, VWF, CDH5",PECAM1,platelet and endothelial cell adhesion molecule 1,HGNC:8823,,VWF,von Willebrand factor,HGNC:12726,,CDH5,cadherin 5,HGNC:1764,,,,,,,,,,,,,,
heart,heart,UBERON:0000948,right ventricle,heart right ventricle,UBERON:0002080,vasculature,vasculature,UBERON:0002049,,smooth muscle cell,vascular associated smooth muscle cell,CL:0000359,,,,,,,,"MYH11,TAGLN,ACTA2",MYH11,myosin heavy chain 11,HGNC:7569,,TAGLN,transgelin,HGNC:11553,,ACTA2,"actin alpha 2, smooth muscle",HGNC:130,,,,,,,,,,,,,,
heart,heart,UBERON:0000948,right ventricle,heart right ventricle,UBERON:0002080,vasculature,vasculature,UBERON:0002049,,fibroblast,fibroblast,CL:0000057,,,,,,,,"PDGFRA, GSN, DCN",PDGFRA,platelet derived growth factor receptor alpha,HGNC:8803,,GSN,gelsolin,HGNC:4620,,DCN,decorin,HGNC:2705,,,,,,,,,,,,,,
heart,heart,UBERON:0000948,right ventricle,heart right ventricle,UBERON:0002080,vasculature,capillary,UBERON:0001982,,pericyte,pericyte,CL:0000669,,,,,,,,"RGS5,ABCC9,KCNJ8",RGS5,regulator of G protein signaling 5,HGNC:10001,,ABCC9,ATP binding cassette subfamily C member 9,HGNC:60,,KCNJ8,potassium inwardly rectifying channel subfamily J member 8,HGNC:6269,,,,,,,,,,,,,,
heart,heart,UBERON:0000948,right ventricle,heart right ventricle,UBERON:0002080,vasculature,capillary,UBERON:0001982,,capillary endothelial cell,capillary endothelial cell,CL:0002144,,,,,,,,"PECAM1, VWF, CDH5",PECAM1,platelet and endothelial cell adhesion molecule 1,HGNC:10001,,ABCC9,ATP binding cassette subfamily C member 9,HGNC:60,,KCNJ8,potassium inwardly rectifying channel subfamily J member 8,HGNC:6269,,,,,,,,,,,,,,
heart,heart,UBERON:0000948,right ventricle,heart right ventricle,UBERON:0002080,vasculature,venule,UBERON:0001979,,pericyte,pericyte,CL:0000669,,,,,,,,"RGS5,ABCC9,KCNJ8",RGS5,regulator of G protein signaling 5,HGNC:10001,,ABCC9,ATP binding cassette subfamily C member 9,HGNC:60,,KCNJ8,potassium inwardly rectifying channel subfamily J member 8,HGNC:6269,,,,,,,,,,,,,,
heart,heart,UBERON:0000948,right ventricle,heart right ventricle,UBERON:0002080,myocardium,Myocardium of right ventricle,FMA:9535,,telocyte (interstitial like cell of cajal),telocyte,CL:0017004,,,,,,,,"CD34,vimentin",CD34,CD34 molecule,HGNC:1662,,VIM,vimentin,HGNC:12692,,,,,,,,,,,,,,,,,,
heart,heart,UBERON:0000948,right ventricle,heart right ventricle,UBERON:0002080,myocardium,Myocardium of right ventricle,FMA:9535,,lymphocyte,lymphocyte,CL:0000542,,,,,,,,"CD8A,NKG7,LCK",CD8A,CD8 subunit alpha,HGNC:1706,,NKG7,natural killer cell granule protein 7,HGNC:7830,,LCK,"LCK proto-oncogene, Src family tyrosine kinase",HGNC:6524,,,,,,,,,,,,,,
heart,heart,UBERON:0000948,right ventricle,heart right ventricle,UBERON:0002080,myocardium,Myocardium of right ventricle,FMA:9535,,dendritic cell,"dendritic cell, human",CL:0001056,,,,,,,,"CD11b, CD11c, CD103, CD205",ITGAM,integrin subunit alpha M,HGNC:6149,alias CD11b,ITGAX,integrin subunit alpha X,HGNC:6152,alias CD11c,ITGAE,integrin subunit alpha E,HGNC:6147,alias CD103,LY75,lymphocyte antigen 75,HGNC:6729,alias CD205,,,,,,,,,
heart,heart,UBERON:0000948,right ventricle,heart right ventricle,UBERON:0002080,myocardium,Myocardium of right ventricle,FMA:9535,,adipocyte,fat cell,CL:0000136,,,,,,,,"GPAM, LEP, FASN",GPAM,"glycerol-3-phosphate acyltransferase, mitochondrial",HGNC:24865,,LEP,leptin,HGNC:6553,,FASN,fatty acid synthase,HGNC:3594,,,,,,,,,,,,,,
heart,heart,UBERON:0000948,right ventricle,heart right ventricle,UBERON:0002080,Moderator band,Septomarginal trabecula,FMA:7272,,cardiomyocyte,cardiac muscle cell,CL:0000746,,,,,,,,"TTN, MYH7, MYL2, FHL2",TTN,titin,HGNC:12403,,MYH7,myosin heavy chain 7,HGNC:7577,,MYL2,myosin light chain 2,HGNC:7583,,FHL2,four and a half LIM domains 2,HGNC:3703,,,,,,,,,,
heart,heart,UBERON:0000948,right ventricle,heart right ventricle,UBERON:0002080,Moderator band,Septomarginal trabecula,FMA:7272,,Purkinje fiber cell,Purkinje myocyte,CL:0002068,,,,,,,,,,,,,,,,,,,,,,,,,,,,,,,,,
heart,heart,UBERON:0000948,right ventricle,heart right ventricle,UBERON:0002080,Moderator band,Septomarginal trabecula,FMA:7272,,fibroblast,fibroblast,CL:0000057,,,,,,,,"PDGFRA, GSN, DCN",PDGFRA,platelet derived growth factor receptor alpha,HGNC:8803,,GSN,gelsolin,HGNC:4620,,DCN,decorin,HGNC:2705,,,,,,,,,,,,,,
heart,heart,UBERON:0000948,right ventricle,heart right ventricle,UBERON:0002080,Moderator band,Septomarginal trabecula,FMA:7272,,macrophage,macrophage,CL:0000235,,,,,,,,"CD14,C1QA,CD68, FOLR2",CD14,CD14 molecule,HGNC:1628,,C1QA,complement C1q A chain,HGNC:1241,,CD68,CD68 molecule,HGNC:1693,,FOLR2,folate receptor beta,HGNC:3793,,,,,,,,,,
heart,heart,UBERON:0000948,right ventricle,heart right ventricle,UBERON:0002080,Moderator band,Septomarginal trabecula,FMA:7272,,endothelial cell,blood vessel endothelial cell,CL:0000071,,,,,,,,"PECAM1, VWF, CDH5",PECAM1,platelet and endothelial cell adhesion molecule 1,HGNC:8823,,VWF,von Willebrand factor,HGNC:12726,,CDH5,cadherin 5,HGNC:1764,,,,,,,,,,,,,,
heart,heart,UBERON:0000948,right ventricle,heart right ventricle,UBERON:0002080,Moderator band,Septomarginal trabecula,FMA:7272,,smooth muscle cell,vascular associated smooth muscle cell,CL:0000359,,,,,,,,"MYH11,TAGLN,ACTA2",MYH11,myosin heavy chain 11,HGNC:7569,,TAGLN,transgelin,HGNC:11553,,ACTA2,"actin alpha 2, smooth muscle",HGNC:130,,,,,,,,,,,,,,
heart,heart,UBERON:0000948,right ventricle,heart right ventricle,UBERON:0002080,Moderator band,Septomarginal trabecula,FMA:7272,,fibroblast,fibroblast,CL:0000057,,,,,,,,"PDGFRA, GSN, DCN",PDGFRA,platelet derived growth factor receptor alpha,HGNC:8803,,GSN,gelsolin,HGNC:4620,,DCN,decorin,HGNC:2705,,,,,,,,,,,,,,
heart,heart,UBERON:0000948,right ventricle,heart right ventricle,UBERON:0002080,Moderator band,Septomarginal trabecula,FMA:7272,,telocyte (interstitial like cell of cajal),telocyte,CL:0017004,,,,,,,,"CD34,vimentin",CD34,CD34 molecule,HGNC:1662,,VIM,vimentin,HGNC:12692,,,,,,,,,,,,,,,,,,
heart,heart,UBERON:0000948,right ventricle,heart right ventricle,UBERON:0002080,Moderator band,Septomarginal trabecula,FMA:7272,,lymphocyte,lymphocyte,CL:0000542,,,,,,,,"CD8A,NKG7,LCK",CD8A,CD8 subunit alpha,HGNC:1706,,NKG7,natural killer cell granule protein 7,HGNC:7830,,LCK,"LCK proto-oncogene, Src family tyrosine kinase",HGNC:6524,,,,,,,,,,,,,,
heart,heart,UBERON:0000948,right ventricle,heart right ventricle,UBERON:0002080,Moderator band,Septomarginal trabecula,FMA:7272,,dendritic cell,"dendritic cell, human",CL:0001056,,,,,,,,"CD14,C1QA,FOLR2",CD14,CD14 molecule,HGNC:1628,,C1QA,complement C1q A chain,HGNC:1241,,FOLR2,folate receptor beta,HGNC:3793,,,,,,,,,,,,,,
heart,heart,UBERON:0000948,Cardial valve,cardiac valve,UBERON:0000946,Tricuspid valve,Tricuspid valve,UBERON:0002134,,valve interstitial cell,valve interstitial cell,CL:4030032,,,,,,,,"PDGFRA, GSN",PDGFRA,platelet derived growth factor receptor alpha,HGNC:8803,,GSN,gelsolin,HGNC:4620,,,,,,,,,,,,,,,,,,
heart,heart,UBERON:0000948,Cardial valve,cardiac valve,UBERON:0000946,Tricuspid valve,Tricuspid valve,UBERON:0002134,,endocardial,endocardial cell,CL:0002350,,,,,,,,"PECAM1, VWF, CDH5",PECAM1,platelet and endothelial cell adhesion molecule 1,HGNC:8823,,VWF,von Willebrand factor,HGNC:12726,,CDH5,cadherin 5,HGNC:1764,,,,,,,,,,,,,,
heart,heart,UBERON:0000948,Cardial valve,cardiac valve,UBERON:0000946,Pulmonary Valve,Pulmonary Valve,UBERON:0002146,,valve interstitial cell,valve interstitial cell,CL:4030032,,,,,,,,"PDGFRA, GSN",PDGFRA,platelet derived growth factor receptor alpha,HGNC:8803,,GSN,gelsolin,HGNC:4620,,,,,,,,,,,,,,,,,,
heart,heart,UBERON:0000948,Cardial valve,cardiac valve,UBERON:0000946,Pulmonary Valve,Pulmonary Valve,UBERON:0002146,,endocardial,endocardial cell,CL:0002350,,,,,,,,"PECAM1, VWF, CDH5",PECAM1,platelet and endothelial cell adhesion molecule 1,HGNC:8823,,VWF,von Willebrand factor,HGNC:12726,,CDH5,cadherin 5,HGNC:1764,,,,,,,,,,,,,,
heart,heart,UBERON:0000948,Cardial valve,cardiac valve,UBERON:0000946,Mitral valve,Mitral valve,UBERON:0002135,,valve interstitial cell,valve interstitial cell,CL:4030032,,,,,,,,"PDGFRA, GSN",PDGFRA,platelet derived growth factor receptor alpha,HGNC:8803,,GSN,gelsolin,HGNC:4620,,,,,,,,,,,,,,,,,,
heart,heart,UBERON:0000948,Cardial valve,cardiac valve,UBERON:0000946,Mitral valve,Mitral valve,UBERON:0002135,,endocardial,endocardial cell,CL:0002350,,,,,,,,"PECAM1, VWF, CDH5",PECAM1,platelet and endothelial cell adhesion molecule 1,HGNC:8823,,VWF,von Willebrand factor,HGNC:12726,,CDH5,cadherin 5,HGNC:1764,,,,,,,,,,,,,,
heart,heart,UBERON:0000948,Cardial valve,cardiac valve,UBERON:0000946,Aortic valve,Aortic valve,UBERON:0002137,,valve interstitial cell,valve interstitial cell,CL:4030032,,,,,,,,"PDGFRA, GSN",PDGFRA,platelet derived growth factor receptor alpha,HGNC:8803,,GSN,gelsolin,HGNC:4620,,,,,,,,,,,,,,,,,,
heart,heart,UBERON:0000948,Cardial valve,cardiac valve,UBERON:0000946,Aortic valve,Aortic valve,UBERON:0002137,,endothelial cell,blood vessel endothelial cell,CL:0000071,,,,,,,,"PECAM1, VWF, CDH5",PECAM1,platelet and endothelial cell adhesion molecule 1,HGNC:8823,,VWF,von Willebrand factor,HGNC:12726,,CDH5,cadherin 5,HGNC:1764,,,,,,,,,,,,,,
heart,heart,UBERON:0000948,Epicardium,epicardium,UBERON:0002348,,,,,mesothelial cell,mesothelial cell,CL:0000077,,,,,,,,"CRT, AE1/AE3, MSLN, WT1, BNC1",CALR,calreticulin,HGNC:1455,alias CRT,MSLN,mesothelin,HGNC:7371,,WT1,WT1 transcription factor,HGNC:12796,,,,,,,,,,,,,,
heart,heart,UBERON:0000948,Epicardium,epicardium,UBERON:0002348,,,,,adipocyte,epicardial adipocyte,CL:1000309,,,,,,,,"GPAM, LEP, FASN",GPAM,"glycerol-3-phosphate acyltransferase, mitochondrial",HGNC:24865,,LEP,leptin,HGNC:6553,,FASN,fatty acid synthase,HGNC:3594,,,,,,,,,,,,,,
heart,heart,UBERON:0000948,Epicardium,epicardium,UBERON:0002348,,,,,Schwann Cell,Schwann cell,CL:0002573,,,,,,,,"SOX10, S100",SOX10,SRY-box transcription factor 10,HGNC:11190,,S100,,,many variants,,,,,,,,,,,,,,,,,
heart,heart,UBERON:0000948,Epicardium,epicardium,UBERON:0002348,,,,,smooth muscle cell,vascular associated smooth muscle cell,CL:0000359,,,,,,,,"MYH11,TAGLN,ACTA2",MYH11,myosin heavy chain 11,HGNC:7569,,TAGLN,transgelin,HGNC:11553,,ACTA2,"actin alpha 2, smooth muscle",HGNC:130,,,,,,,,,,,,,,
heart,heart,UBERON:0000948,Epicardium,epicardium,UBERON:0002348,,,,,fibroblast,fibroblast,CL:0000057,,,,,,,,"PDGFRA, GSN, DCN",PDGFRA,platelet derived growth factor receptor alpha,HGNC:8803,,GSN,gelsolin,HGNC:4620,,DCN,decorin,HGNC:2705,,,,,,,,,,,,,,
heart,heart,UBERON:0000948,Epicardium,epicardium,UBERON:0002348,,,,,endothelial cell,blood vessel endothelial cell,CL:0000071,,,,,,,,"PECAM1, VWF, CDH5",PECAM1,platelet and endothelial cell adhesion molecule 1,HGNC:8823,,VWF,von Willebrand factor,HGNC:12726,,CDH5,cadherin 5,HGNC:1764,,,,,,,,,,,,,,
heart,heart,UBERON:0000948,Epicardium,epicardium,UBERON:0002348,,,,,macrophage,macrophage,CL:0000235,,,,,,,,"CD14,C1QA,FOLR2",CD14,CD14 molecule,HGNC:1628,,C1QA,complement C1q A chain,HGNC:1241,,FOLR2,folate receptor beta,HGNC:3793,,,,,,,,,,,,,,
heart,heart,UBERON:0000948,Epicardium,epicardium,UBERON:0002348,,,FMA:83539,,mast cell,mast cell ,CL:0000097,,,,,,,,,,,,,,,,,,,,,,,,,,,,,,,,,
heart,heart,UBERON:0000948,Epicardium,epicardium,UBERON:0002348,,,FMA:83539,,lymphatic endothelial cell,endothelial cell of lymphatic vessel,CL:0002138,,,,,,,,,,,,,,,,,,,,,,,,,,,,,,,,,
heart,heart,UBERON:0000948,Epicardium,epicardium,UBERON:0002348,,,FMA:83539,,B lymphocyte,B cell,CL:0000236,,,,,,,,,,,,,,,,,,,,,,,,,,,,,,,,,
heart,heart,UBERON:0000948,Epicardium,epicardium,UBERON:0002348,,,FMA:83539,,NK/T lymphocyte,immature NK T cell,CL:0000914,,,,,,,,,,,,,,,,,,,,,,,,,,,,,,,,,